,23-Mar,24-Mar,25-Mar,26-Mar,27-Mar,28-Mar,29-Mar,30-Mar,31-Mar,1-Apr,2-Apr,3-Apr,4-Apr,5-Apr,6-Apr,7-Apr,8-Apr,9-Apr,10-Apr,11-Apr,12-Apr,13-Apr,14-Apr,15-Apr,16-Apr,17-Apr,18-Apr,19-Apr,20-Apr,21-Apr,22-Apr,23-Apr,24-Apr,25-Apr,26-Apr,27-Apr,28-Apr,29-Apr,30-Apr,1-May,2-May,3-May,4-May,5-May,6-May,7-May,8-May,9-May,10-May,11-May,12-May,13-May,14-May,15-May,16-May,17-May,18-May,19-May,20-May,21-May,22-May,23-May,24-May,25-May,26-May,27-May,28-May,29-May,30-May,31-May,1-Jun,population,min,eng
Boston,0,197,284,364,489,614,614,614,614,1057,1233,1366,1618,1618,2035,2287,2502,2820,3138,3676,3916,4086,4286,4528,4746,5096,5400,5516,5749,5879,6010,6958,6958,7506,8055,8421,8613,9055,9271,9590,9759,9929,10077,10241,10433,10597,10761,10904,11047,11106,11168,11284,11395,11535,11676,11817,11958,12050,12143,12239,12306,12359,12413,12467,12521,12588,12634,12681,12715,12749,12784,617594,55.48263,8.9567
Brockton,0,0,0,0,21,43,141,153,163,250,289,293,431,431,465,465,571,589,607,794,794,1136,1136,1270,1309,1356,1427,1519,1519,1581,1643,2067,2067,2155,2244,2304,2539,2586,2663,2663,2762,2861,2861,2861,2979,3041,3104,3173,3242,3242,3285,3285,3343,3381,3420,3459,3498,3498,3498,3498,3603,3603,3603,3603,3603,3723,3723,3753,3753,3753,3753,93810,65.69384,8.94934
Lawrence,0,4,4,27,40,53,118,129,137,173,196,206,266,283,383,383,440,526,613,704,784,852,852,872,924,1037,1083,1124,1147,1170,1194,1404,1404,1480,1557,1609,1609,1697,1697,1836,1873,1910,1952,1997,2054,2164,2275,2329,2384,2399,2433,2501,2501,2550,2599,2648,2697,2748,2806,2867,2806,2867,2928,2989,3051,3119,3119,3119,3119,3119,3119,76377,85.58134,24.64022
Worcester,0,0,19,27,41,55,55,75,115,115,115,212,257,257,333,372,398,440,482,594,640,686,715,868,917,963,1067,1135,1171,1232,1293,1445,1542,1600,1658,1697,1806,1910,1986,2071,2184,2297,2386,2462,2504,2601,2698,2735,2773,2773,2971,3003,3082,3178,3275,3371,3468,3522,3556,3361,3760,3793,3827,3861,3895,4000,4037,4060,4103,4146,4189,181045,43.82678,7.5164
Lynn,0,6,6,18,18,18,18,55,85,106,128,171,171,209,264,324,344,409,474,546,546,621,670,767,798,891,891,891,891,1048,1205,1315,1430,1489,1549,1589,1635,1733,1804,1874,1874,1874,1981,2002,2033,2284,2536,2536,2536,2844,2805,2857,2904,2936,2969,3002,3035,3075,3122,3151,3151,3189,3227,3265,3303,3311,3330,3330,3366,3402,3438,90329,63.50022,14.42259
Chelsea,9,17,22,37,50,63,68,78,113,157,197,229,262,262,315,356,387,429,472,511,541,578,618,642,683,735,807,874,939,996,1054,1124,1164,1428,1692,1868,1915,1975,2030,2086,2114,2142,2157,2184,2224,2259,2294,2315,2337,2342,2353,2386,2404,2421,2439,2457,2475,2496,2506,2506,2541,2552,2563,2574,2585,2595,2612,2619,2623,2627,2632,40227,78.52554,23.93606
Lowell,0,0,0,30,30,30,30,30,81,81,81,81,81,134,214,219,219,219,219,219,219,517,517,605,630,705,705,897,897,954,1011,1235,1235,1235,1235,1235,1580,1580,1680,1680,1680,1680,1920,1920,1920,1978,2036,2036,2036,2036,2036,2213,2239,2239,2239,2239,2239,2239,2239,2456,2494,2494,2494,2494,2494,2494,2591,2591,2591,2591,2591,106519,51.21484,11.40505
Malden,0,9,12,12,12,12,12,46,66,73,81,85,85,85,147,231,287,352,417,417,485,557,568,603,618,650,664,664,664,684,705,750,796,804,813,819,838,857,876,893,920,947,986,995,1014,1028,1042,1042,1042,1071,1079,1102,1106,1117,1128,1139,1151,1166,1173,1182,1197,1202,1208,1214,1220,1230,1230,1230,1238,1246,1255,59450,52.92991,11.54614
Springfield,0,5,5,5,7,10,10,45,45,103,103,103,170,170,170,170,285,339,393,393,393,541,563,601,606,622,622,622,797,830,863,863,1026,1083,1141,1180,1224,1281,1339,1387,1387,1387,1506,1506,1551,1603,1656,1656,1656,1782,1801,1835,1835,1874,1913,1952,1991,1991,2047,2095,2095,2136,2178,2219,2261,2276,2304,2304,2336,2368,2400,155580,68.26697,7.89089
Revere,0,16,22,36,56,77,83,113,142,166,194,218,228,235,259,274,307,335,363,403,431,454,490,516,558,563,687,694,706,731,757,874,928,979,1030,1064,1076,1126,1156,1185,1210,1236,1242,1285,1294,1332,1371,1384,1397,1404,1409,1425,1438,1448,1459,1470,1481,1500,1507,1507,1534,1543,1552,1561,1570,1583,1609,1624,1635,1646,1658,51755,45.51755,12.71356
Cambridge,0,17,24,24,24,24,24,24,71,71,96,96,119,119,150,163,163,186,209,209,424,449,457,457,470,497,509,509,523,581,640,650,667,682,698,709,725,725,747,747,754,761,761,776,787,797,808,819,830,830,846,846,846,850,855,860,865,896,896,915,915,915,915,915,915,954,965,965,977,989,1001,105162,39.20201,1.95219
Quincy,0,0,14,14,14,14,14,91,91,111,111,132,132,132,132,214,214,250,286,286,286,357,383,451,464,506,506,534,534,565,597,627,647,682,717,741,772,792,814,838,838,838,885,909,945,970,995,1001,1007,1030,1037,1051,1051,1063,1075,1087,1099,1104,1107,1107,1141,1147,1153,1159,1165,1173,1187,1195,1195,1195,1195,94166,41.50827,10.35476
Everett,0,3,3,3,10,17,17,30,38,38,94,94,102,102,114,141,150,196,243,286,334,371,399,428,454,459,532,566,566,609,653,690,742,777,813,837,862,889,927,1040,1074,1108,1166,1178,1178,1195,1212,1268,1324,1349,1355,1355,1380,1392,1404,1416,1428,1428,1467,1490,1503,1515,1528,1540,1553,1579,1592,1592,1606,1620,1634,46324,55.4344,11.54266
Medford,0,13,13,23,23,23,23,45,53,53,88,88,121,121,121,141,165,187,210,239,239,291,323,346,352,370,370,370,370,451,533,558,558,609,660,694,694,736,736,790,797,805,816,816,816,827,838,838,838,838,854,854,854,859,864,869,875,875,922,922,922,926,930,934,939,939,939,939,939,939,939,56173,28.53335,3.21788
Newton,0,14,15,10,24,38,38,42,61,61,66,81,89,89,97,102,111,120,130,156,164,174,184,330,333,343,342,348,353,357,361,380,387,398,410,418,419,419,425,428,430,433,436,442,445,450,456,471,486,470,470,475,479,536,593,650,708,712,719,721,724,725,726,727,729,733,736,736,738,740,742,85146,26.18994,2.52876
Waltham,0,8,8,8,8,8,8,25,25,29,77,77,77,77,152,152,188,201,214,214,235,235,297,322,337,374,384,407,407,449,491,589,627,652,677,694,710,710,774,802,802,802,845,858,858,878,898,898,898,955,975,992,992,1005,1019,1032,1046,1060,1069,1071,1084,1092,1100,1108,1116,1119,1128,1137,1143,1149,1156,60632,34.65282,4.59995
Holyoke,0,7,7,7,11,16,16,16,19,19,41,41,105,115,142,155,201,225,250,250,250,268,292,292,315,375,384,384,384,421,459,459,459,492,526,549,549,584,598,598,598,598,653,653,653,665,678,678,678,678,712,712,712,722,732,742,752,755,755,755,755,764,773,782,792,792,792,792,792,792,792,39880,58.09392,8.75025
Somerville,0,0,14,14,14,14,14,14,22,22,22,22,22,94,96,96,96,111,126,126,126,189,189,288,301,341,341,341,341,375,410,460,460,486,513,531,545,545,545,584,584,584,584,640,640,657,674,674,674,674,674,716,716,722,728,734,741,803,803,829,829,829,829,829,829,829,829,880,880,880,880,75754,30.39511,4.84994
Methuen,0,2,9,9,13,17,17,44,57,57,74,74,74,74,115,115,159,167,175,227,227,261,277,277,301,368,375,384,384,408,433,433,433,433,433,433,433,559,559,559,559,559,622,622,649,649,649,649,649,635,635,708,738,738,738,738,738,810,810,820,852,852,852,852,852,852,852,852,852,852,852,47255,37.42978,5.87177
Weymouth,0,8,10,10,14,19,19,29,34,34,48,53,53,53,75,85,85,101,118,118,118,169,178,267,274,296,296,296,327,339,351,351,391,415,440,457,491,499,510,510,525,540,548,551,560,569,579,584,590,593,603,606,619,624,629,634,639,645,645,655,658,660,663,666,669,676,678,679,679,679,679,55601,15.97084,1.77887
Framingham,11,13,19,36,36,36,36,58,77,86,92,92,112,112,145,160,160,160,160,214,214,251,253,253,270,315,324,324,354,394,435,515,574,574,574,574,732,780,838,883,949,1016,1091,1106,1146,1159,1172,1172,1172,1172,1295,1324,1351,1377,1403,1429,1456,1465,1465,1465,1564,1575,1587,1598,1610,1614,1628,1628,1628,1628,1628,68318,35.17007,7.98615
Braintree,2,2,2,17,17,17,17,26,26,26,26,26,26,26,26,26,26,26,26,247,247,247,247,247,247,247,247,247,247,247,247,247,247,247,247,247,418,418,418,418,418,418,418,706,706,706,706,706,706,706,706,706,706,706,706,706,706,706,706,706,706,738,770,802,835,835,835,835,835,835,835,35744,19.50171,3.14188
Haverhill,0,7,12,17,19,22,41,43,50,50,57,67,74,74,79,101,111,121,131,153,153,164,209,245,253,280,280,295,295,316,338,374,380,413,447,470,488,503,527,575,603,632,645,670,685,759,833,868,903,907,919,926,926,942,958,974,990,1004,1019,1028,1037,1044,1051,1058,1066,1070,1104,1104,1108,1113,1118,60879,26.87421,3.05784
Peabody,0,2,5,11,13,15,15,32,35,41,65,65,79,79,120,134,141,148,156,156,156,209,235,235,249,293,293,293,293,342,391,449,449,449,449,449,669,640,670,670,670,670,670,758,758,769,780,786,792,798,798,818,818,825,833,840,848,848,936,940,953,963,974,985,996,978,987,989,989,989,989,51251,16.34541,4.18046
Taunton,0,0,0,8,8,8,41,41,41,41,41,41,113,113,113,113,147,158,169,169,189,202,202,202,213,247,247,247,247,257,268,268,268,283,299,310,310,439,439,447,449,451,468,468,488,589,690,690,690,745,690,759,777,790,803,816,830,844,854,865,873,878,883,888,894,895,900,900,909,918,928,55874,21.86858,2.91242
Salem,0,0,6,8,8,8,8,26,26,34,47,47,47,47,74,88,102,113,125,125,141,170,180,194,201,224,224,242,242,265,289,304,319,332,345,354,363,373,373,396,396,396,396,433,452,452,452,452,452,487,487,494,494,503,513,523,533,533,533,563,567,567,567,567,567,586,586,595,595,595,595,41340,23.38892,4.07165
Attleboro,3,5,5,15,19,24,24,35,35,41,43,43,81,95,126,126,137,143,149,167,167,167,178,178,194,243,243,243,243,259,276,299,299,317,335,347,369,425,425,425,425,425,467,467,475,478,482,482,482,509,509,527,527,539,551,563,576,576,588,588,588,588,588,588,588,621,621,621,621,621,621,44590,16.7819,2.2515
New Bedford,0,3,3,3,4,6,6,20,31,36,43,54,60,60,66,66,81,100,119,136,136,155,155,163,167,181,181,181,181,195,210,210,210,263,316,352,352,352,525,634,634,634,634,793,793,874,956,956,956,1042,1042,1042,1231,1291,1352,1412,1473,1473,1552,1552,1627,1627,1627,1627,1627,1757,1757,1757,1757,1757,1757,95072,38.03106,8.87959
Beverly,0,13,13,15,15,15,30,34,34,48,54,54,54,54,67,67,67,90,113,113,113,113,157,157,157,157,157,184,205,219,234,234,259,277,296,309,327,327,366,381,395,410,418,418,418,435,453,470,487,487,487,487,505,511,518,525,532,535,535,538,538,544,550,556,562,566,566,572,573,574,576,41816,9.85359,1.10469
Fall River,0,0,1,3,3,4,4,12,20,31,37,37,37,37,62,66,66,78,91,91,91,141,141,154,161,182,182,182,182,185,189,267,267,321,375,411,411,448,448,533,533,533,586,586,586,635,685,685,685,770,770,791,791,819,848,877,906,1004,1004,1004,1004,1052,1100,1148,1196,1196,1233,1233,1233,1233,1233,88857,23.131,8.11404
Chicopee,0,0,0,4,4,4,4,21,28,31,44,51,65,65,74,82,85,100,115,115,115,117,140,142,150,147,147,148,148,157,166,173,195,200,206,210,223,223,241,245,245,245,265,271,277,284,291,291,291,302,309,309,322,327,332,337,343,349,351,354,358,360,363,365,368,368,375,377,379,382,385,56186,28.61249,3.33447
Brookline,0,12,12,12,18,25,25,25,25,52,52,71,71,71,132,132,132,118,104,104,104,104,104,135,146,181,181,181,181,181,181,181,181,181,181,181,216,260,264,276,276,276,276,305,308,311,315,315,315,325,325,325,325,329,334,339,344,341,341,341,342,342,342,342,342,349,350,351,351,351,351,58732,30.41665,3.19074
Fitchburg,0,3,3,3,3,3,3,21,21,44,44,44,44,44,60,60,60,71,82,82,82,104,104,104,107,116,116,116,116,140,165,165,165,172,180,185,185,185,253,253,253,253,253,287,287,303,320,320,320,320,380,380,380,433,487,541,595,595,595,595,595,595,595,595,595,595,710,710,710,710,710,41330,35.8912,4.0111
Woburn,0,3,3,3,9,15,15,21,22,41,52,66,66,66,79,82,82,85,89,102,102,102,102,102,110,134,134,134,171,179,188,224,224,224,224,224,224,224,224,224,224,224,224,251,251,337,424,424,424,424,476,476,478,482,487,491,496,501,501,501,522,523,524,525,527,531,531,541,546,551,556,38865,22.60906,3.86372
Arlington,0,6,6,13,13,13,13,18,21,23,23,27,27,27,43,43,45,56,68,68,68,90,90,100,102,110,110,110,170,174,179,180,180,189,198,205,205,223,223,223,223,223,223,250,250,251,253,253,253,258,258,263,263,266,269,272,276,281,281,286,290,290,290,290,290,299,299,302,302,302,302,42844,23.46557,2.26815
Plymouth,0,8,9,9,14,19,19,49,18,23,28,31,41,50,50,57,57,67,78,81,85,85,96,96,102,106,110,110,110,112,114,120,120,127,135,141,143,146,146,152,155,159,159,256,263,291,319,324,329,331,331,335,344,345,346,347,349,349,349,349,484,486,488,490,493,493,493,493,493,493,493,58271,8.4391,1.09555
Barnstable,0,0,7,7,13,19,19,27,38,41,46,50,52,52,53,58,64,69,74,79,79,83,83,96,102,110,110,116,116,117,119,136,139,142,146,149,149,168,178,178,178,178,178,189,189,206,223,223,223,223,223,223,270,270,270,270,270,283,283,283,283,296,309,322,336,336,336,336,336,336,336,44163,13.76766,1.70375
Pittsfield,0,20,20,33,34,35,35,35,60,60,66,66,66,66,66,66,93,93,93,93,93,93,93,93,99,116,116,116,116,118,120,120,120,120,120,120,120,120,120,120,120,120,120,120,120,129,138,138,138,138,138,138,138,138,138,138,138,138,138,138,138,138,138,138,138,138,138,169,169,169,169,44737,16.10386,1.94621
Massachusetts,2901,3618,4362,5297,6240,6895,7418,8654,9920,11258,12538,14019,15182,16158,18091,20118,21985,23974,26035,27334,28265,30266,33142,35744,38132,41139,42622,43712,46412,48613,51332,53751,56032,57532,58381,60506,62614,64799,66855,68941,69980,70712,72602,74346,76062,77762,79232,79918,80306,81612,83077,84415,85737,86861,87527,87905,89231,90328,91365,92369,93258,93654,93964,94170,95066,95792,96461,96994,97261,97420,97841,6896480,99,99
