TOWN,poptown19,area_sqmi,popden19
ABINGTON,16668,9.889381679,1685.4440996442
ACTON,23662,20.29492163,1165.90743395741
ACUSHNET,10625,18.87211664,562.999911598681
ADAMS,8010,22.96442168,348.80042317704
AGAWAM,28613,24.35049171,1175.04814033178
ALFORD,488,11.53789049,42.2954265706503
AMESBURY,17532,13.35312779,1312.95081390066
AMHERST,39924,27.73479939,1439.49121241508
ANDOVER,36356,32.17074829,1130.09494439708
AQUINNAH,320,5.769206721,55.4668978726651
ARLINGTON,45531,5.492541774,8289.60468093838
ASHBURNHAM,6348,40.96757713,154.951804444189
ASHBY,3219,24.08954557,133.626431044378
ASHFIELD,1717,40.25311902,42.6550797007034
ASHLAND,17807,12.86758601,1383.86485127524
ATHOL,11732,33.35308696,351.751548936687
ATTLEBORO,45237,27.80524876,1626.92304573361
AUBURN,16766,16.41118547,1021.62028639848
AVON,4549,4.53722875,1002.59436996647
AYER,8196,9.4821252,864.363191492135
BARNSTABLE,44477,62.5018594,711.610829293184
BARRE,5578,44.60275288,125.059545427771
BECKET,1716,47.78554266,35.9104428761969
BEDFORD,14123,13.83578708,1020.75869759626
BELCHERTOWN,15098,55.32073279,272.917570656786
BELLINGHAM,17270,18.89749342,913.877815230376
BELMONT,26116,4.722416507,5530.21953088815
BERKLEY,6851,16.63532543,411.834444046701
BERLIN,3240,13.17385155,245.941742071627
BERNARDSTON,2090,23.41019222,89.2773532296951
BEVERLY,42174,15.42543814,2734.05524155828
BILLERICA,43367,26.31028646,1648.29068151469
BLACKSTONE,9288,11.39095962,815.383454058807
BLANDFORD,1252,53.43017961,23.4324497716207
BOLTON,5426,20.08551118,270.144979202864
BOSTON,692600,48.91304532,14159.8216890577
BOURNE,19762,40.95853272,482.487986937829
BOXBOROUGH,5793,10.40743581,556.621256739704
BOXFORD,8332,24.40259925,341.439037482862
BOYLSTON,4712,19.75215686,238.556226208503
BRAINTREE,37190,14.41464563,2580.01486506193
BREWSTER,9775,25.4175811,384.576327760788
BRIDGEWATER,27619,28.40942937,972.177217651732
BRIMFIELD,3680,35.28848506,104.283309236512
BROCKTON,95708,21.52313017,4446.7509718174
BROOKFIELD,3452,16.59976923,207.954698175042
BROOKLINE,59121,6.812509896,8678.29932030091
BUCKLAND,1850,19.87653347,93.0745797697691
BURLINGTON,28627,11.85902169,2413.94279800832
CAMBRIDGE,118927,6.673793913,17819.9988717572
CANTON,23805,19.61149773,1213.82876146094
CARLISLE,5252,15.51225297,338.57106444545
CARVER,11767,39.73267908,296.154205366008
CHARLEMONT,1233,26.35882141,46.7775087824005
CHARLTON,13713,43.79387519,313.125978016471
CHATHAM,5982,16.66330944,358.992313114003
CHELMSFORD,35391,23.0838556,1533.14942760255
CHELSEA,39690,2.213532964,17930.611671704
CHESHIRE,3129,27.51337426,113.726508803722
CHESTER,1369,37.18947058,36.8114947228163
CHESTERFIELD,1249,31.25203771,39.9653939877446
CHICOPEE,55126,23.87100195,2309.32912307018
CHILMARK,922,20.45531586,45.0738578817526
CLARKSBURG,1638,12.79276359,128.04113735678
CLINTON,14000,7.26773274,1926.32289887974
COHASSET,8548,10.10096138,846.25608181466
COLRAIN,1661,43.38793338,38.2825331977128
CONCORD,18918,25.84181047,732.069450859958
CONWAY,1873,37.86620098,49.4636364759505
CUMMINGTON,874,23.03148271,37.9480561892144
DALTON,6525,21.88049599,298.210790239038
DANVERS,27549,13.78484108,1998.49964465459
DARTMOUTH,34188,61.74057378,553.736350456055
DEDHAM,25219,10.6469153,2368.66728901281
DEERFIELD,4991,33.45321471,149.193434570223
DENNIS,13871,21.29300582,651.434565756391
DIGHTON,7967,22.27161255,357.719944261512
DOUGLAS,9038,37.88512617,238.563280994347
DOVER,6127,15.43249667,397.019363166984
DRACUT,31634,21.38811638,1479.04562692491
DUDLEY,11773,21.86469511,538.447938138205
DUNSTABLE,3403,16.75884961,203.056897053926
DUXBURY,15921,24.17656349,658.530316212447
EAST BRIDGEWATER,14526,17.53319336,828.485701477486
EAST BROOKFIELD,2210,10.40394365,212.41945115687
EAST LONGMEADOW,16192,13.07565406,1238.33193549631
EASTHAM,4906,14.33007422,342.356914882748
EASTHAMPTON,15829,13.60301175,1163.63936831856
EASTON,25105,29.23001894,858.877308685042
EDGARTOWN,4348,27.13839996,160.215783038375
EGREMONT,1205,18.91794919,63.6961220213532
ERVING,1750,14.39316512,121.585487654018
ESSEX,3799,14.24421615,266.704742471912
EVERETT,46451,3.429890466,13542.9980812688
FAIRHAVEN,16078,12.39693646,1296.93332315426
FALL RIVER,89541,38.59124853,2320.24107565198
FALMOUTH,30993,45.72011708,677.88540317535
FITCHBURG,40638,28.11499163,1445.42102429927
FLORIDA,715,24.58965873,29.0772640584752
FOXBOROUGH,18399,20.84790867,882.534564556878
FRAMINGHAM,74416,26.49911094,2808.24515843172
FRANKLIN,34087,27.02517965,1261.30521393222
FREETOWN,9394,35.45932094,264.92329099859
GARDNER,20683,23.02510791,898.280263477818
GEORGETOWN,8768,13.15005448,666.765298450688
GILL,1465,14.79257333,99.0361830438869
GLOUCESTER,30430,26.86235255,1132.81217433802
GOSHEN,1059,17.70116706,59.8265637746035
GOSNOLD,75,13.50359344,5.55407716718106
GRAFTON,18883,23.31551376,809.889938277732
GRANBY,6291,28.08578377,223.99232478318
GRANVILLE,1611,42.99869484,37.4662534757067
GREAT BARRINGTON,6945,45.77434921,151.722528443567
GREENFIELD,17258,21.88278546,788.656454707115
GROTON,11325,33.75614562,335.494464548408
GROVELAND,6849,9.397701556,728.795222873111
HADLEY,5342,24.60533945,217.107348218275
HALIFAX,7896,17.39415005,453.945721826172
HAMILTON,8051,14.91324052,539.855840801527
HAMPDEN,5177,19.67378912,263.141988989663
HANCOCK,696,35.7335096,19.4775158609106
HANOVER,14570,15.69246262,928.471225506096
HANSON,10914,15.74884692,693.003116700559
HARDWICK,3057,40.84213644,74.8491696679715
HARVARD,6620,27.1682571,243.666716478474
HARWICH,12142,22.53952037,538.698242051368
HATFIELD,3251,16.83526711,193.106529213839
HAVERHILL,64014,35.63109497,1796.57683980516
HAWLEY,334,30.88327702,10.8149144853929
HEATH,695,24.92453368,27.8841726358028
HINGHAM,24679,22.61681891,1091.17909544247
HINSDALE,1911,21.69727811,88.0755636864536
HOLBROOK,11033,7.359636545,1499.1229434415
HOLDEN,19303,36.31501044,531.543286539669
HOLLAND,2482,13.06194797,190.017599649036
HOLLISTON,14912,19.05672584,782.505878774819
HOLYOKE,40117,22.83339017,1756.94453172829
HOPEDALE,5951,5.342050065,1113.99180606519
HOPKINTON,18470,27.88690147,662.318114469244
HUBBARDSTON,4829,41.99824706,114.980989399418
HUDSON,19864,11.86482779,1674.19201960453
HULL,10475,2.818786568,3716.13804284312
HUNTINGTON,2169,26.79227503,80.9561710445013
IPSWICH,14074,32.82197163,428.798128237246
KINGSTON,13863,19.04929556,727.743446277863
LAKEVILLE,11561,36.12059705,320.066691699383
LANCASTER,8082,27.96882327,288.964606125169
LANESBOROUGH,2940,29.57562988,99.4061668991917
LAWRENCE,80028,7.405610276,10806.4017707431
LEE,5664,27.0176102,209.641043677505
LEICESTER,11341,24.62903316,460.472805664938
LENOX,4944,21.66944705,228.155337263209
LEOMINSTER,41716,29.67590682,1405.71946977154
LEVERETT,1837,22.97069097,79.9714733178529
LEXINGTON,33132,16.64293075,1990.75514389195
LEYDEN,715,18.01976175,39.6786600133601
LINCOLN,7052,14.97836143,470.81251396936
LITTLETON,10227,17.51863179,583.778466411845
LONGMEADOW,15705,9.632978006,1630.33695189774
LOWELL,110997,14.52563851,7641.45410362412
LUDLOW,21233,28.29813238,750.332202665313
LUNENBURG,11736,27.74104926,423.055375087135
LYNN,94299,11.47936798,8214.65085571723
LYNNFIELD,12999,10.4662101,1241.99685232766
MALDEN,60470,5.081447721,11900.1519488426
MANSFIELD,24470,20.42036813,1198.31336262986
MARBLEHEAD,20555,4.409901379,4661.10196882931
MARION,5188,14.02616561,369.880132906829
MARLBOROUGH,39597,22.09993858,1791.72443654819
MARSHFIELD,25967,28.99484038,895.573131622117
MASHPEE,14229,25.68720504,553.933367909925
MATTAPOISETT,6401,17.38611816,368.167289621135
MAYNARD,11336,5.370108166,2110.94444461512
MEDFIELD,12955,14.63481612,885.217818507172
MEDFORD,57341,8.480578238,6761.44932465394
MEDWAY,13479,11.67150903,1154.86351982028
MELROSE,28016,4.763331745,5881.59748256207
MENDON,6223,17.98627652,345.98600733622
MERRIMAC,6960,8.855497591,785.952446881536
METHUEN,50706,23.03718832,2201.04985450759
MIDDLEBOROUGH,25463,72.15601411,352.888117699826
MIDDLEFIELD,534,24.1383265,22.1224946973851
MIDDLETON,10110,14.4842848,697.997874220203
MILFORD,29101,15.02450493,1936.90242278086
MILLBURY,13947,16.43477784,848.627230363584
MILLIS,8310,12.25342677,678.177636018141
MILLVILLE,3257,4.964126444,656.107380974682
MILTON,27593,13.17701592,2094.02494218129
MONROE,115,10.78509823,10.6628606942229
MONSON,8787,44.78495444,196.204285789154
MONTAGUE,8212,31.45640986,261.059670717299
MONTEREY,924,27.39468831,33.7291663823278
MONTGOMERY,866,15.24147655,56.8186420232363
MOUNT WASHINGTON,157,22.36746808,7.01912256847624
NAHANT,3513,1.049188501,3348.30204167478
NANTUCKET,11399,48.99685249,232.647597155888
NATICK,36050,15.95891732,2258.92516874071
NEEDHAM,31388,12.71685125,2468.22105432742
NEW ASHFORD,223,13.4787612,16.5445471353851
NEW BEDFORD,95363,20.2311877,4713.66295514129
NEW BRAINTREE,1024,20.94405373,48.8921587578452
NEW MARLBOROUGH,1458,47.90286037,30.4365958261878
NEW SALEM,1021,58.66345914,17.4043606525723
NEWBURY,7148,24.08767261,296.749300595879
NEWBURYPORT,18289,8.474058868,2158.23376788937
NEWTON,88414,18.16320733,4867.75261624457
NORFOLK,12003,15.40103193,779.36336049139
NORTH ADAMS,12730,20.61337435,617.560220071393
NORTH ANDOVER,31188,27.74291697,1124.17883215833
NORTH ATTLEBOROUGH,29364,19.39898687,1513.68729701089
NORTH BROOKFIELD,4792,21.94590474,218.355089788839
NORTH READING,15865,13.49627455,1175.50957793757
NORTHAMPTON,28451,35.74946725,795.844027577782
NORTHBOROUGH,15109,18.74699246,805.94260824704
NORTHBRIDGE,16679,18.05455929,923.81097384294
NORTHFIELD,2958,35.37053226,83.6289366033985
NORTON,19948,29.31098241,680.564019348405
NORWELL,11153,21.24001012,525.093911772581
NORWOOD,29725,10.52981015,2822.93788554203
OAK BLUFFS,4667,7.424105361,628.627931995212
OAKHAM,1957,21.21784632,92.2336777486849
ORANGE,7582,36.0237583,210.472209391878
ORLEANS,5788,14.40148181,401.903087221273
OTIS,1539,38.03007303,40.4679738265546
OXFORD,14009,27.43481472,510.628562393295
PALMER,12232,31.9695815,382.613704217554
PAXTON,4963,15.45510592,321.123648436309
PEABODY,53070,16.76089747,3166.29823044911
PELHAM,1313,26.55208234,49.4499822344254
PEMBROKE,18509,23.47922424,788.313949847944
PEPPERELL,12114,23.19682705,522.226594779048
PERU,834,26.02692198,32.0437430381078
PETERSHAM,1250,68.26550031,18.3108597215817
PHILLIPSTON,1746,24.63596636,70.8719915625019
PITTSFIELD,42142,42.46298745,992.440770909537
PLAINFIELD,661,21.32773644,30.9925060195464
PLAINVILLE,9293,11.51781857,806.836810592338
PLYMOUTH,61528,102.6987627,599.111404873819
PLYMPTON,2987,15.10009945,197.813266719909
PRINCETON,3488,35.80609202,97.4135909065901
PROVINCETOWN,2961,9.886613771,299.49587073841
QUINCY,94470,16.69942394,5657.08136636479
RANDOLPH,34362,10.41589868,3298.99522409717
RAYNHAM,14470,20.78627222,696.132517021371
READING,25400,9.971920062,2547.15238811348
REHOBOTH,12385,47.47957194,260.849023989748
REVERE,53073,5.725650074,9269.34047908426
RICHMOND,1416,19.00832197,74.493687671895
ROCHESTER,5687,36.03700376,157.810012116279
ROCKLAND,17986,10.40762827,1728.15549646836
ROCKPORT,7282,7.153637805,1017.9436251176
ROWE,389,24.03197583,16.1867672783857
ROWLEY,6473,18.548949,348.968558811607
ROYALSTON,1277,42.49984724,30.0471668236519
RUSSELL,1792,17.74635309,100.978493491701
RUTLAND,8938,36.24933675,246.570028622662
SALEM,43226,8.408347338,5140.84376660416
SALISBURY,9534,15.53417837,613.743435469513
SANDISFIELD,891,52.9790111,16.8179809607658
SANDWICH,20169,43.78653945,460.62100940932
SAUGUS,28361,11.33815408,2501.37719066877
SAVOY,675,36.01886553,18.7401793495632
SCITUATE,18924,17.92053243,1055.99541051136
SEEKONK,15770,18.61964803,846.954785320934
SHARON,18895,24.3910515,774.669349535833
SHEFFIELD,3129,48.56578577,64.4280731875411
SHELBURNE,1837,23.38388703,78.5583678899598
SHERBORN,4335,16.18745659,267.799945958033
SHIRLEY,7636,15.93431672,479.21728519527
SHREWSBURY,38526,21.74714146,1771.54317365626
SHUTESBURY,1754,27.11762646,64.6811771150859
SOMERSET,18129,8.238618605,2200.49026046643
SOMERVILLE,81360,4.129924513,19700.1179425673
SOUTH HADLEY,17625,18.3969371,958.039911980783
SOUTHAMPTON,6171,28.95230611,213.143643085086
SOUTHBOROUGH,10208,15.53526499,657.085669705078
SOUTHBRIDGE,16878,20.90227773,807.471808480271
SOUTHWICK,9740,31.650394,307.737085358242
SPENCER,11935,34.00365188,350.991712364278
SPRINGFIELD,153606,33.0705738,4644.79391645754
STERLING,8174,31.69919748,257.861417632331
STOCKBRIDGE,1890,23.67495939,79.8311823418929
STONEHAM,24126,6.648936648,3628.55013925529
STOUGHTON,28915,16.46279499,1756.38462469853
STOW,7234,17.98345273,402.258682390409
STURBRIDGE,9597,38.95296679,246.374045184762
SUDBURY,19655,24.75070557,794.118775499619
SUNDERLAND,3629,14.75048102,246.025875026006
SUTTON,9582,34.0266346,281.602929958874
SWAMPSCOTT,15298,3.039850081,5032.48502142169
SWANSEA,16834,23.00759648,731.671385780493
TAUNTON,57464,48.41089707,1187.00547764917
TEMPLETON,8138,32.37851847,251.339480141446
TEWKSBURY,31178,21.12640667,1475.78338744532
TISBURY,4096,6.572295581,623.222122243135
TOLLAND,508,32.79184534,15.4916563777621
TOPSFIELD,6641,12.81910073,518.055060169576
TOWNSEND,9506,33.06450412,287.498641004872
TRURO,2008,21.6302906,92.8327796021381
TYNGSBOROUGH,12527,18.08539137,692.658496778773
TYRINGHAM,312,18.87485265,16.5299303674299
UPTON,8065,21.79660748,370.011709730527
UXBRIDGE,14195,30.26240469,469.063848210669
WAKEFIELD,27045,7.955648048,3399.47165043317
WALES,1874,15.95986453,117.419543034179
WALPOLE,25200,21.0534327,1196.954451993
WALTHAM,62495,13.75217323,4544.37265694624
WARE,9711,39.95084725,243.07369351222
WAREHAM,22745,37.37553491,608.553163313108
WARREN,5222,27.6481153,188.873633639686
WARWICK,769,37.64739415,20.4263805599942
WASHINGTON,541,38.79711922,13.9443342927666
WATERTOWN,35939,4.070567132,8828.99085915383
WAYLAND,13835,15.84388659,873.2074621597
WEBSTER,16949,14.60510959,1160.48427405193
WELLESLEY,28670,10.51973669,2725.35338524714
WELLFLEET,2724,20.29660855,134.209614049043
WENDELL,878,32.21195764,27.2569587298141
WENHAM,5278,8.142104842,648.235327648217
WEST BOYLSTON,8077,13.85553648,582.943865916623
WEST BRIDGEWATER,7281,15.67304482,464.555552773568
WEST BROOKFIELD,3727,21.11786364,176.485655155978
WEST NEWBURY,4714,14.63821595,322.033778986571
WEST SPRINGFIELD,28517,17.52034489,1627.65060728208
WEST STOCKBRIDGE,1257,18.6830382,67.2802777869394
WEST TISBURY,2904,26.38076065,110.080222421487
WESTBOROUGH,19144,21.43607141,893.074091508636
WESTFIELD,41204,47.38131894,869.625433014592
WESTFORD,24817,31.36831286,791.148701900571
WESTHAMPTON,1637,27.35432806,59.8442775274663
WESTMINSTER,7997,37.25233427,214.671111400397
WESTON,12124,17.33169641,699.527600368347
WESTPORT,16034,51.97752453,308.479485027141
WESTWOOD,16400,11.16653013,1468.67467414428
WEYMOUTH,57746,17.71793461,3259.18349238111
WHATELY,1567,20.64194574,75.9133862542553
WHITMAN,15216,6.962262392,2185.49648710223
WILBRAHAM,14689,22.38695525,656.141035525588
WILLIAMSBURG,2466,25.69889157,95.9574459965707
WILLIAMSTOWN,7434,46.88727278,158.55048842105
WILMINGTON,23445,17.15640714,1366.54486039435
WINCHENDON,10905,44.0830343,247.374078784772
WINCHESTER,22799,6.344125401,3593.71837076333
WINDSOR,866,35.16439213,24.6271852730588
WINTHROP,18544,2.023895638,9162.52777654339
WOBURN,40228,12.94593241,3107.38529493064
WORCESTER,185428,38.45322207,4822.17067954535
WORTHINGTON,1175,32.09199418,36.6134928670861
WRENTHAM,12023,22.60996704,531.756635413477
YARMOUTH,23203,25.28829701,917.539049419762
