Town,Case0414,CRate0414,Case0422,CRate0422,Conf0414,Conf0422,Case0429,Conf0429,CRate0429,Case0506,Conf0506,CRate0506,Case0513,Conf0513,CRate0513,Case0520,Conf0520,CRate0520,Case0527,Conf0527,CRate0527,Case0603,Conf0603,CRate0603,Case0610,Conf0610,CRate0610,Case0617,Conf0617,CRate0617,Case0624,Conf0624,CRate0624,Case0701,Conf0701,CRate0701,Case0708,Conf0708,CRate0708,Case0715,Conf0715,Case0722,Conf0722,Case0729,Conf0729,Conf0805,Conf0812,Conf0819
ABINGTON,54,300.65,78,434.28,54,78,143,143,796.17,177,177,985.47,190,190,1057.85,219,219,1219.31,226,226,1258.28,230,230,1280.56,232,232,1291.69,231,231,1286.12,233,233,1297.26,235,235,1308.39,235,235,1308.39,238,238,239,239,243,243,248,249,252
ACTON,35,147.48,50,210.68,35,50,74,74,311.81,95,95,400.3,120,120,505.64,138,138,581.49,148,148,623.63,152,152,640.48,154,154,648.91,156,156,657.33,157,157,661.55,159,159,669.98,162,162,682.62,167,167,169,169,172,172,174,176,179
ACUSHNET,16,153.06,18,172.19,16,18,35,35,334.82,47,47,449.61,59,59,564.41,73,73,698.34,81,81,774.87,86,86,822.7,87,87,832.26,86,86,822.7,88,88,841.83,92,92,880.1,93,93,889.66,97,97,99,99,102,102,103,103,106
ADAMS,25,301.91,29,350.21,25,29,32,32,386.44,32,32,386.44,33,33,398.52,35,35,422.67,35,35,422.67,35,35,422.67,35,35,422.67,35,35,422.67,35,35,422.67,35,35,422.67,35,35,422.67,35,35,35,35,35,35,35,35,35
AGAWAM,168,587.32,244,853.02,168,244,317,317,1108.22,333,333,1164.16,404,404,1412.37,423,423,1478.8,433,433,1513.76,440,440,1538.23,449,449,1569.69,450,450,1573.19,452,452,1580.18,455,455,1590.67,464,464,1622.13,480,480,483,483,493,493,506,510,516
ALFORD,0,0,0,0,0,0,0,0,0,0,0,0,0,0,0,0,0,0,0,0,0,-999,<5,-999,-999,<5,-999,-999,<5,-999,-999,<5,-999,-999,<5,-999,-999,<5,-999,-999,<5,-999,<5,-999,<5,<5,<5,<5
AMESBURY,23,138.18,32,192.25,23,32,72,72,432.55,156,156,937.2,154,154,925.18,154,154,925.18,168,168,1009.29,170,170,1021.3,173,173,1039.33,175,175,1051.34,178,178,1069.37,179,179,1075.37,181,181,1087.39,185,185,189,189,191,191,193,196,197
AMHERST,11,27.16,16,39.51,11,16,83,83,204.95,60,60,148.16,76,76,187.66,85,85,209.89,89,89,219.76,93,93,229.64,91,91,224.7,93,93,229.64,94,94,232.11,94,94,232.11,97,97,239.52,100,100,103,103,107,107,115,118,121
ANDOVER,51,141.61,85,236.01,51,85,158,158,438.7,210,210,583.09,239,239,663.61,263,263,730.25,288,288,799.66,299,299,830.21,301,301,835.76,300,300,832.98,305,305,846.87,315,315,874.63,316,316,877.41,317,317,321,321,325,325,331,337,345
AQUINNAH,0,0,0,0,0,0,0,0,0,0,0,0,0,0,0,0,0,0,0,0,0,0,0,0,0,0,0,-999,<5,-999,-999,<5,-999,-999,<5,-999,-999,<5,-999,-999,<5,-999,<5,-999,<5,<5,<5,<5
ARLINGTON,94,205.2,180,392.94,94,180,218,218,475.89,248,248,541.38,261,261,569.76,279,279,609.05,291,291,635.25,301,301,657.08,305,305,665.81,304,304,663.63,304,304,663.63,307,307,670.18,308,308,672.36,312,312,318,318,321,321,324,327,328
ASHBURNHAM,7,111.47,12,191.09,7,12,16,16,254.78,17,17,270.7,23,23,366.25,26,26,414.02,29,29,461.79,30,30,477.71,30,30,477.71,32,32,509.56,32,32,509.56,32,32,509.56,32,32,509.56,33,33,33,33,33,33,34,35,35
ASHBY,7,202.46,7,202.46,7,7,8,8,231.38,8,8,231.38,13,13,376,14,14,404.92,15,15,433.84,15,15,433.84,15,15,433.84,15,15,433.84,15,15,433.84,15,15,433.84,15,15,433.84,15,15,15,15,15,15,15,15,17
ASHFIELD,-999,-999,-999,-999,<5,<5,-999,<5,-999,-999,<5,-999,-999,<5,-999,-999,<5,-999,-999,<5,-999,-999,<5,-999,-999,<5,-999,-999,<5,-999,-999,<5,-999,-999,<5,-999,-999,<5,-999,-999,<5,-999,<5,-999,<5,<5,<5,<5
ASHLAND,63,323.2,84,430.93,63,84,128,128,656.65,145,145,743.86,179,179,918.29,214,214,1097.84,232,232,1190.18,243,243,1246.62,246,246,1262.01,245,245,1256.88,247,247,1267.12,247,247,1267.14,248,248,1272.27,251,251,252,252,256,256,262,264,269
ATHOL,28,234.01,34,284.16,28,34,38,38,317.59,41,41,342.66,46,46,384.45,46,46,384.45,55,55,459.67,58,58,484.74,62,62,518.17,62,62,518.17,63,63,526.53,65,65,543.25,67,67,559.96,67,67,68,68,68,68,69,69,80
ATTLEBORO,210,453.88,281,607.33,210,281,443,443,957.47,480,480,1037.44,527,527,1139.02,577,577,1247.09,609,609,1316.25,625,625,1350.83,646,646,1396.22,650,650,1404.86,654,654,1413.51,661,661,1428.64,666,666,1439.45,671,671,679,679,686,686,700,711,717
AUBURN,34,206.16,45,272.85,34,45,55,55,333.49,152,152,921.64,159,159,964.08,184,184,1115.66,196,196,1188.42,205,205,1243,209,209,1267.25,213,213,1291.5,213,213,1291.5,214,214,1297.57,216,216,1309.69,217,217,220,220,223,223,232,233,236
AVON,24,547.86,39,890.27,24,39,48,48,1095.72,56,56,1278.34,61,61,1392.47,67,67,1529.44,66,66,1506.61,68,68,1552.27,70,70,1597.92,72,72,1643.58,72,72,1643.58,73,73,1666.4,74,74,1689.23,76,76,77,77,80,80,81,81,81
AYER,27,334.16,33,408.42,27,33,40,40,495.05,45,45,556.93,49,49,606.44,65,65,804.46,72,72,891.09,114,114,1410.89,121,121,1497.53,130,130,1608.91,136,136,1683.17,140,140,1732.68,142,142,1757.43,142,142,144,144,144,144,146,147,148
BARNSTABLE,94,209.61,133,296.57,94,133,187,187,416.99,238,238,530.71,267,267,595.38,293,293,653.35,339,339,755.93,349,349,778.23,359,359,800.53,359,359,800.53,362,362,807.22,365,365,813.91,368,368,820.6,373,373,382,382,391,391,400,407,409
BARRE,12,215.91,24,431.83,12,24,37,37,665.73,42,42,755.7,43,43,773.69,47,47,845.66,53,53,953.62,56,56,1007.6,58,58,1043.58,61,61,1097.56,62,62,1115.56,62,62,1115.56,62,62,1115.56,62,62,62,62,62,62,62,62,62
BECKET,10,555.42,10,555.42,10,10,11,11,610.96,11,11,610.96,12,12,666.5,12,12,666.5,12,12,666.5,12,12,666.5,14,14,777.58,14,14,777.58,14,14,777.58,14,14,777.58,15,15,833.13,16,16,16,16,16,16,16,16,16
BEDFORD,81,543.76,117,785.43,81,117,152,152,1020.38,190,190,1275.48,214,214,1436.59,232,232,1557.42,218,218,1463.44,254,254,1705.11,247,247,1658.12,262,262,1758.82,271,271,1819.23,273,273,1832.66,274,274,1839.37,259,259,256,256,247,247,253,257,256
BELCHERTOWN,25,157.01,40,251.21,25,40,62,62,389.38,69,69,433.34,79,79,496.15,88,88,552.67,92,92,577.79,96,96,602.91,100,100,628.03,101,101,634.31,102,102,640.59,105,105,659.43,105,105,659.43,107,107,113,113,121,121,125,127,128
BELLINGHAM,33,184.6,44,246.14,33,44,78,78,436.33,96,96,537.02,107,107,598.56,112,112,626.53,118,118,660.09,123,123,688.06,124,124,693.65,124,124,693.65,125,125,699.25,127,127,710.44,136,136,760.78,138,138,142,142,142,142,143,147,155
BELMONT,118,432.14,141,516.37,118,141,162,162,593.27,182,182,666.52,192,192,703.14,210,210,769.06,218,218,798.35,229,229,838.64,229,229,838.64,229,229,838.64,230,230,842.3,229,229,838.64,231,231,845.96,232,232,234,234,236,236,242,243,248
BERKLEY,17,250.73,21,309.73,17,21,33,33,486.71,41,41,604.7,42,42,619.45,52,52,766.94,58,58,855.44,66,66,973.43,68,68,1002.93,68,68,1002.93,70,70,1032.42,71,71,1047.17,71,71,1047.17,71,71,71,71,73,73,76,77,78
BERLIN,8,250.53,10,313.16,8,10,15,15,469.74,14,14,438.43,18,18,563.69,20,20,626.32,22,22,688.95,22,22,688.95,20,20,626.32,20,20,626.32,20,20,626.32,20,20,626.32,20,20,626.32,20,20,21,21,21,21,21,21,2
BERNARDSTON,-999,-999,-999,-999,<5,<5,-999,<5,-999,6,6,286.94,6,6,286.94,6,6,286.94,6,6,286.94,6,6,286.94,6,6,286.94,6,6,286.94,6,6,286.94,7,7,334.77,7,7,334.77,7,7,7,7,7,7,7,7,7
BEVERLY,150,364.37,241,585.43,150,241,363,363,881.78,440,440,1068.83,501,501,1217.01,542,542,1316.6,569,569,1382.19,581,581,1411.34,598,598,1452.63,604,604,1467.21,609,609,1479.35,608,608,1476.92,619,619,1503.64,620,620,630,630,637,637,644,653,661
BILLERICA,134,307.46,261,598.86,134,261,346,346,793.89,401,401,920.08,456,456,1046.28,486,486,1115.11,509,509,1167.88,515,515,1181.65,526,526,1206.89,535,535,1227.54,539,539,1236.72,547,547,1255.07,557,557,1278.02,572,572,580,580,583,583,593,598,602
BLACKSTONE,19,210.08,20,221.13,19,20,23,23,254.3,29,29,320.64,36,36,398.04,40,40,442.26,43,43,475.43,44,44,486.49,45,45,497.55,46,46,508.6,47,47,519.66,49,49,541.77,55,55,608.11,55,55,56,56,56,56,61,63,63
BLANDFORD,-999,-999,0,0,<5,0,0,0,0,0,0,0,-999,<5,-999,-999,<5,-999,-999,<5,-999,-999,<5,-999,-999,<5,-999,-999,<5,-999,-999,<5,-999,-999,<5,-999,-999,<5,-999,-999,<5,-999,<5,-999,<5,<5,<5,<5
BOLTON,-999,-999,5,98.96,<5,5,9,9,178.13,10,10,197.92,11,11,217.71,12,12,237.5,12,12,237.5,12,12,237.5,11,11,217.71,11,11,217.71,11,11,217.71,11,11,217.71,11,11,217.71,11,11,11,11,11,11,12,12,12
BOSTON,4609,663.2,6744,970.4,4609,6744,9284,9284,1335.89,10729,10729,1543.81,11551,11551,1662.09,12629,12629,1817.2,13061,13061,1879.37,13417,13417,1930.59,13609,13609,1958.22,13783,13783,1983.26,13897,13897,1999.66,13996,13996,2013.91,14160,14160,2037.5,14316,14316,14464,14464,14667,14667,15001,15307,15640
BOURNE,83,396.75,99,473.23,83,99,121,121,578.39,124,124,592.73,133,133,635.76,144,144,688.34,151,151,721.8,151,151,721.8,152,152,726.58,152,152,726.58,154,154,736.14,155,155,740.92,158,158,755.26,159,159,161,161,164,164,165,166,168
BOXBOROUGH,7,137.05,9,176.21,7,9,13,13,254.52,19,19,372,22,22,430.73,23,23,450.31,23,23,450.31,24,24,469.89,24,24,469.89,24,24,469.89,25,25,489.47,25,25,489.47,26,26,509.05,26,26,26,26,26,26,28,28,28
BOXFORD,15,194.37,25,323.95,15,25,28,28,362.83,30,30,388.74,35,35,453.53,35,35,453.53,38,38,492.41,39,39,505.36,39,39,505.36,39,39,505.36,41,41,531.28,42,42,544.24,43,43,557.2,43,43,46,46,47,47,49,50,52
BOYLSTON,9,200.5,9,200.5,9,9,10,10,222.77,13,13,289.61,13,13,289.61,18,18,400.99,20,20,445.55,19,19,423.27,21,21,467.82,20,20,445.55,20,20,445.55,20,20,445.55,20,20,445.55,21,21,22,22,23,23,23,23,24
BRAINTREE,308,782.53,418,1062,308,418,570,570,1448.18,668,668,1697.17,724,724,1839.44,754,754,1915.66,777,777,1974.1,793,793,2014.75,804,804,2042.7,808,808,2052.86,812,812,2063.02,812,812,2063.02,814,814,2068.1,816,816,823,823,831,831,836,837,844
BREWSTER,16,161.42,64,645.66,16,64,87,87,877.69,91,91,918.05,91,91,918.05,92,92,928.14,94,94,948.31,98,98,988.67,100,100,1008.84,103,103,1039.11,103,103,1039.11,103,103,1039.11,103,103,1039.11,107,107,111,111,113,113,115,115,115
BRIDGEWATER,103,362.08,141,495.66,103,141,183,183,643.3,287,287,1008.89,302,302,1061.62,328,328,1153.02,330,330,1160.05,345,345,1212.78,352,352,1237.39,356,356,1251.45,359,359,1262,357,357,1254.97,359,359,1262,357,357,358,358,360,360,363,365,368
BRIMFIELD,-999,-999,-999,-999,<5,<5,-999,<5,-999,-999,<5,-999,-999,<5,-999,-999,<5,-999,5,5,134.21,6,6,161.06,6,6,161.06,6,6,161.06,6,6,161.06,6,6,161.06,6,6,161.06,7,7,7,7,9,9,9,9,9
BROCKTON,1202,1223.43,1763,1794.43,1202,1763,2735,2735,2783.76,3179,3179,3235.68,3429,3429,3490.14,3773,3773,3840.27,3961,3961,4031.62,4064,4064,4136.46,4136,4136,4209.74,4172,4172,4246.39,4197,4197,4271.83,4225,4225,4300.33,4254,4254,4329.85,4275,4275,4317,4317,4364,4364,4426,4470,4533
BROOKFIELD,5,136.55,5,136.55,5,5,6,6,163.86,8,8,218.48,12,12,327.72,15,15,409.64,20,20,546.19,20,20,546.19,19,19,518.88,19,19,518.88,19,19,518.88,19,19,518.88,19,19,518.88,20,20,20,20,22,22,22,23,26
BROOKLINE,144,223.66,216,335.48,144,216,263,263,408.48,308,308,478.38,321,321,498.57,343,343,532.74,349,349,542.06,365,365,566.91,373,373,579.33,379,379,588.65,386,386,599.52,393,393,610.4,399,399,619.72,403,403,405,405,419,419,425,428,434
BUCKLAND,-999,-999,6,322.5,<5,6,7,7,376.25,7,7,376.25,7,7,376.25,8,8,430,8,8,430,8,8,430,8,8,430,8,8,430,8,8,430,8,8,430,8,8,430,8,8,8,8,8,8,8,8,8
BURLINGTON,91,329.19,131,473.89,91,131,173,173,625.83,201,201,727.12,216,216,781.38,231,231,835.64,246,246,889.9,258,258,933.31,263,263,951.4,264,264,955.02,265,265,958.63,267,267,965.87,267,267,965.87,268,268,270,270,272,272,276,282,281
CAMBRIDGE,471,417.61,672,595.82,471,672,773,773,685.37,826,826,732.36,873,873,774.03,889,889,788.22,918,918,813.93,948,948,840.53,962,962,852.94,977,977,866.24,986,986,874.22,975,975,864.47,978,978,867.13,985,985,1000,1000,1013,1013,1034,1050,1071
CANTON,113,489.93,157,680.7,113,157,219,219,949.5,239,239,1036.22,253,253,1096.92,266,266,1153.28,271,271,1174.96,282,282,1222.65,284,284,1231.32,282,282,1222.65,285,285,1235.66,286,286,1239.99,290,290,1257.33,292,292,297,297,302,302,311,319,329
CARLISLE,5,104.85,7,146.79,5,7,7,7,146.79,9,9,188.73,10,10,209.7,12,12,251.64,15,15,314.55,15,15,314.55,15,15,314.55,15,15,314.55,15,15,314.55,17,17,356.49,18,18,377.46,19,19,19,19,19,19,20,20,21
CARVER,18,147.83,19,156.04,18,19,26,26,213.53,38,38,312.08,47,47,386,49,49,402.42,52,52,427.06,57,57,468.12,57,57,468.12,57,57,468.12,58,58,476.34,59,59,484.55,59,59,484.55,61,61,62,62,63,63,65,65,66
CHARLEMONT,0,0,0,0,0,0,0,0,0,0,0,0,-999,<5,-999,-999,<5,-999,-999,<5,-999,-999,<5,-999,-999,<5,-999,-999,<5,-999,-999,<5,-999,-999,<5,-999,-999,<5,-999,-999,<5,-999,<5,-999,<5,<5,<5,<5
CHARLTON,15,106.59,26,184.76,15,26,38,38,270.04,45,45,319.78,51,51,362.42,60,60,426.37,66,66,469.01,67,67,476.12,70,70,497.44,74,74,525.86,75,75,532.97,79,79,561.39,83,83,589.82,86,86,88,88,92,92,100,105,107
CHATHAM,6,102.46,8,136.61,6,8,11,11,187.84,10,10,170.76,12,12,204.91,12,12,204.91,13,13,221.99,13,13,221.99,14,14,239.07,18,18,307.37,18,18,307.37,18,18,307.37,19,19,324.45,20,20,21,21,22,22,22,22,22
CHELMSFORD,113,314.05,174,483.58,113,174,229,229,636.44,283,283,786.51,291,291,808.75,302,302,839.32,309,309,858.77,320,320,889.34,324,324,900.46,331,331,919.91,333,333,925.47,335,335,931.03,337,337,936.59,341,341,348,348,351,351,357,361,365
CHELSEA,712,1890.37,1447,3841.8,712,1447,1965,1965,5217.1,2244,2244,5957.85,2412,2412,6403.89,2598,2598,6897.72,2713,2713,7203.05,2779,2779,7378.28,2839,2839,7537.58,2885,2885,7659.63,2907,2907,7718.12,2944,2944,7816.28,2955,2955,7845.56,2977,2977,3002,3002,3036,3036,3106,3151,3223
CHESHIRE,-999,-999,-999,-999,<5,<5,-999,<5,-999,-999,<5,-999,-999,<5,-999,-999,<5,-999,-999,<5,-999,-999,<5,-999,-999,<5,-999,-999,<5,-999,-999,<5,-999,-999,<5,-999,-999,<5,-999,-999,<5,-999,<5,-999,<5,<5,<5,<5
CHESTER,-999,-999,-999,-999,<5,<5,6,6,442.11,5,5,368.42,-999,<5,-999,-999,<5,-999,5,5,368.42,-999,<5,-999,-999,<5,-999,-999,<5,-999,-999,<5,-999,-999,<5,-999,-999,<5,-999,-999,<5,-999,<5,-999,<5,<5,<5,<5
CHESTERFIELD,0,0,-999,-999,0,<5,-999,<5,-999,-999,<5,-999,-999,<5,-999,-999,<5,-999,-999,<5,-999,-999,<5,-999,-999,<5,-999,-999,<5,-999,-999,<5,-999,-999,<5,-999,-999,<5,-999,-999,<5,-999,<5,-999,<5,<5,<5,5
CHICOPEE,142,249.06,176,308.69,142,176,248,248,434.97,288,288,505.13,332,332,582.3,373,373,654.21,396,396,694.55,407,407,713.85,415,415,727.88,422,422,740.16,433,433,759.45,443,443,776.99,457,457,801.54,469,469,488,488,509,509,541,557,573
CHILMARK,0,0,0,0,0,0,-999,<5,-999,-999,<5,-999,-999,<5,-999,-999,<5,-999,-999,<5,-999,-999,<5,-999,-999,<5,-999,-999,<5,-999,-999,<5,-999,-999,<5,-999,-999,<5,-999,-999,<5,-999,<5,-999,<5,<5,<5,<5
CLARKSBURG,6,356.42,7,415.82,6,7,7,7,415.82,7,7,415.82,7,7,415.82,7,7,415.82,7,7,415.82,7,7,415.82,7,7,415.82,7,7,415.82,7,7,415.82,7,7,415.82,7,7,415.82,7,7,8,8,8,8,8,8,8
CLINTON,33,234.45,54,383.65,33,54,87,87,618.11,135,135,959.13,153,153,1087.02,174,174,1236.21,211,211,1499.09,227,227,1612.76,238,238,1690.91,241,241,1712.23,245,245,1740.65,249,249,1769.06,253,253,1797.48,257,257,258,258,261,261,263,266,268
COHASSET,14,189.2,15,202.72,14,15,18,18,243.26,20,20,270.29,21,21,283.8,21,21,283.8,23,23,310.83,24,24,324.35,24,24,324.35,25,25,337.86,25,25,337.86,28,28,378.4,27,27,364.89,27,27,27,27,28,28,28,29,29
COLRAIN,-999,-999,-999,-999,<5,<5,-999,<5,-999,-999,<5,-999,-999,<5,-999,-999,<5,-999,-999,<5,-999,-999,<5,-999,-999,<5,-999,-999,<5,-999,-999,<5,-999,-999,<5,-999,-999,<5,-999,-999,<5,-999,<5,-999,<5,<5,<5,<5
CONCORD,23,122.83,63,336.45,23,63,117,117,624.83,133,133,710.28,152,152,811.75,160,160,854.47,162,162,865.16,170,170,907.88,170,170,907.88,172,172,918.56,173,173,923.9,170,170,907.88,173,173,923.9,177,177,177,177,182,182,182,185,190
CONWAY,-999,-999,-999,-999,<5,<5,-999,<5,-999,-999,<5,-999,-999,<5,-999,-999,<5,-999,-999,<5,-999,-999,<5,-999,-999,<5,-999,-999,<5,-999,-999,<5,-999,-999,<5,-999,-999,<5,-999,-999,<5,-999,<5,-999,<5,<5,<5,<5
CUMMINGTON,-999,-999,-999,-999,<5,<5,-999,<5,-999,-999,<5,-999,-999,<5,-999,-999,<5,-999,-999,<5,-999,-999,<5,-999,-999,<5,-999,-999,<5,-999,-999,<5,-999,-999,<5,-999,-999,<5,-999,-999,<5,-999,<5,-999,<5,<5,<5,<5
DALTON,6,91.99,6,91.99,6,6,6,6,91.99,7,7,107.33,9,9,137.99,9,9,137.99,9,9,137.99,9,9,137.99,9,9,137.99,11,11,168.66,13,13,199.32,16,16,245.32,16,16,245.32,16,16,16,16,16,16,18,18,18
DANVERS,190,665.36,316,1106.6,190,316,467,467,1635.39,539,539,1887.53,616,616,2157.18,643,643,2251.73,678,678,2374.3,706,706,2472.35,717,717,2510.87,719,719,2517.88,725,725,2538.89,737,737,2580.91,738,738,2584.41,741,741,744,744,747,747,757,761,766
DARTMOUTH,64,173.82,66,179.25,64,66,161,161,437.27,205,205,556.77,240,240,651.83,284,284,771.33,312,312,847.38,365,365,991.32,373,373,1013.05,379,379,1029.36,386,386,1048.36,391,391,1061.94,391,391,1061.94,394,394,397,397,401,401,407,412,421
DEDHAM,125,460.83,174,641.48,125,174,239,239,881.11,290,290,1069.13,317,317,1168.67,340,340,1253.46,340,340,1253.46,371,371,1367.75,394,394,1452.54,399,399,1470.98,399,399,1470.98,405,405,1493.1,409,409,1507.84,412,412,416,416,418,418,435,429,435
DEERFIELD,-999,-999,-999,-999,<5,<5,6,6,112.52,6,6,112.52,9,9,168.77,8,8,150.02,8,8,150.02,8,8,150.02,9,9,168.77,9,9,168.77,10,10,187.53,10,10,187.53,10,10,187.53,11,11,11,11,12,12,13,13,15
DENNIS,26,196.62,42,317.61,26,42,51,51,385.67,54,54,408.36,78,78,589.85,83,83,627.67,85,85,642.79,94,94,710.85,93,93,703.29,95,95,718.41,96,96,725.97,96,96,725.97,95,95,718.41,95,95,95,95,97,97,99,99,100
DIGHTON,13,165.69,20,254.91,13,20,35,35,446.1,44,44,560.81,50,50,637.29,54,54,688.27,54,54,688.27,57,57,726.51,63,63,802.98,68,68,866.71,67,67,853.96,67,67,853.96,67,67,853.96,67,67,68,68,68,68,68,68,69
DOUGLAS,18,191.5,18,191.5,18,18,26,26,276.61,29,29,308.52,33,33,351.08,39,39,414.91,42,42,446.82,44,44,468.1,45,45,478.74,45,45,478.74,46,46,489.38,47,47,500.02,48,48,510.66,49,49,49,49,49,49,49,50,50
DOVER,14,268.65,14,268.65,14,14,14,14,268.65,14,14,268.65,16,16,307.03,17,17,326.22,18,18,345.41,18,18,345.41,18,18,345.41,18,18,345.41,18,18,345.41,18,18,345.41,18,18,345.41,18,18,21,21,22,22,22,22,22
DRACUT,136,420.98,229,708.86,136,229,296,296,916.26,349,349,1080.32,374,374,1157.7,422,422,1306.29,433,433,1340.34,447,447,1383.67,455,455,1408.44,456,456,1411.53,459,459,1420.82,465,465,1439.39,473,473,1464.16,479,479,482,482,485,485,493,497,501
DUDLEY,19,153.43,27,218.03,19,27,40,40,323,57,57,460.28,64,64,516.8,72,72,581.4,74,74,597.55,76,76,613.7,84,84,678.3,83,83,670.23,93,93,750.98,95,95,767.13,96,96,775.2,95,95,96,96,97,97,100,102,102
DUNSTABLE,-999,-999,7,210.08,<5,7,7,7,210.08,7,7,210.08,8,8,240.09,9,9,270.1,10,10,300.12,10,10,300.12,10,10,300.12,10,10,300.12,10,10,300.12,10,10,300.12,11,11,330.13,10,10,10,10,10,10,10,10,10
DUXBURY,25,165.2,33,218.06,25,33,47,47,310.57,53,53,350.22,59,59,389.87,60,60,396.48,65,65,429.52,102,102,674.01,106,106,700.44,108,108,713.66,111,111,733.48,114,114,753.3,116,116,766.52,117,117,117,117,118,118,119,121,121
EAST BRIDGEWATER,87,589.58,102,691.23,87,102,127,127,860.64,148,148,1002.96,157,157,1063.95,172,172,1165.6,173,173,1172.37,174,174,1179.15,176,176,1192.7,176,176,1192.7,177,177,1199.48,180,180,1219.81,181,181,1226.59,181,181,183,183,186,186,189,192,195
EAST BROOKFIELD,-999,-999,-999,-999,<5,<5,6,6,267.68,6,6,267.68,7,7,312.3,9,9,401.53,9,9,401.53,10,10,446.14,14,14,624.6,14,14,624.6,14,14,624.6,13,13,579.98,13,13,579.98,13,13,13,13,13,13,13,13,13
EAST LONGMEADOW,55,325.16,116,685.8,55,116,178,178,1052.35,200,200,1182.42,224,224,1324.31,238,238,1407.08,256,256,1513.49,267,267,1578.53,270,270,1596.26,270,270,1596.26,271,271,1602.17,273,273,1614,274,274,1619.91,275,275,277,277,278,278,282,286,288
EASTHAM,6,129.13,7,150.65,6,7,10,10,215.22,10,10,215.22,10,10,215.22,10,10,215.22,10,10,215.22,10,10,215.22,10,10,215.22,10,10,215.22,10,10,215.22,10,10,215.22,10,10,215.22,10,10,12,12,14,14,14,14,14
EASTHAMPTON,26,160.36,37,228.2,26,37,50,50,308.38,55,55,339.22,60,60,370.06,70,70,431.74,79,79,487.25,79,79,487.25,80,80,493.41,82,82,505.75,83,83,511.92,85,85,524.25,86,86,530.42,87,87,91,91,96,96,100,108,110
EASTON,113,476.83,162,683.59,113,162,195,195,822.84,213,213,898.8,224,224,945.22,248,248,1046.49,260,260,1097.13,259,259,1092.91,263,263,1109.79,269,269,1135.1,269,269,1135.1,274,274,1156.2,275,275,1160.42,278,278,281,281,290,290,294,300,309
EDGARTOWN,-999,-999,0,0,<5,0,-999,<5,-999,6,6,146.28,7,7,170.66,7,7,170.66,7,7,170.66,7,7,170.66,7,7,170.66,7,7,170.66,7,7,170.66,8,8,195.04,8,8,195.04,9,9,9,9,9,9,9,9,9
EGREMONT,-999,-999,-999,-999,<5,<5,-999,<5,-999,5,5,456.27,5,5,456.27,5,5,456.27,5,5,456.27,5,5,456.27,5,5,456.27,5,5,456.27,5,5,456.27,5,5,456.27,5,5,456.27,5,5,5,5,7,7,7,7,7
ERVING,-999,-999,-999,-999,<5,<5,-999,<5,-999,5,5,238.77,6,6,286.53,6,6,286.53,6,6,286.53,6,6,286.53,6,6,286.53,6,6,286.53,6,6,286.53,6,6,286.53,6,6,286.53,6,6,6,6,6,6,6,6,6
ESSEX,8,215.01,12,322.52,8,12,15,15,403.15,17,17,456.9,17,17,456.9,21,21,564.41,22,22,591.29,23,23,618.17,23,23,618.17,23,23,618.17,24,24,645.04,24,24,645.04,24,24,645.04,24,24,24,24,24,24,24,24,24
EVERETT,444,914.78,716,1475.18,444,716,1004,1004,2068.55,1212,1212,2497.1,1366,1366,2814.38,1474,1474,3036.9,1565,1565,3224.38,1647,1647,3393.33,1692,1692,3486.04,1724,1724,3551.97,1747,1747,3599.36,1765,1765,3636.45,1770,1770,3646.75,1800,1800,1823,1823,1843,1843,1894,1925,1963
FAIRHAVEN,37,230.81,45,280.71,37,45,92,92,573.9,136,136,848.38,158,158,985.62,183,183,1141.57,211,211,1316.24,227,227,1416.05,236,236,1472.19,240,240,1497.14,240,240,1497.14,241,241,1503.38,243,243,1515.86,242,242,247,247,246,246,247,251,254
FALL RIVER,150,167.7,191,213.53,150,191,481,481,537.75,652,652,728.92,868,868,970.41,1051,1051,1175,1218,1218,1361.7,1363,1363,1523.8,1472,1472,1645.66,1543,1543,1725.04,1566,1566,1750.75,1595,1595,1783.18,1622,1622,1813.36,1664,1664,1703,1703,1756,1756,1818,1844,1873
FALMOUTH,96,307.19,110,351.98,96,110,124,124,396.78,136,136,435.18,150,150,479.98,170,170,543.97,178,178,569.57,185,185,591.97,186,186,595.17,195,195,623.97,201,201,643.17,202,202,646.37,204,204,652.77,206,206,208,208,229,229,235,239,241
FITCHBURG,97,230.12,148,351.1,97,148,238,238,564.61,320,320,759.15,516,516,1224.12,631,631,1496.94,710,710,1684.35,758,758,1798.22,775,775,1838.55,776,776,1840.93,786,786,1864.65,795,795,1886,800,800,1897.86,803,803,811,811,814,814,824,839,846
FLORIDA,-999,-999,-999,-999,<5,<5,-999,<5,-999,-999,<5,-999,-999,<5,-999,-999,<5,-999,-999,<5,-999,-999,<5,-999,-999,<5,-999,-999,<5,-999,-999,<5,-999,-999,<5,-999,-999,<5,-999,-999,<5,-999,<5,-999,<5,<5,<5,<5
FOXBOROUGH,43,237.4,54,298.13,43,54,77,77,425.11,89,89,491.36,96,96,530.01,100,100,552.1,105,105,579.7,110,110,607.3,112,112,618.35,112,112,618.35,112,112,618.35,115,115,634.91,116,116,640.43,117,117,127,127,128,128,131,134,137
FRAMINGHAM,263,353.18,438,588.19,263,438,816,816,1095.8,1159,1159,1556.41,1347,1347,1808.87,1493,1493,2004.93,1625,1625,2182.2,1681,1681,2257.4,1700,1700,2282.91,1707,1707,2292.31,1720,1720,2309.77,1734,1734,2328.57,1745,1745,2343.34,1756,1756,1775,1775,1802,1802,1827,1857,1897
FRANKLIN,37,109.43,55,162.66,37,55,86,86,254.35,98,98,289.84,103,103,304.62,111,111,328.28,120,120,354.9,124,124,366.73,128,128,378.56,131,131,387.43,132,132,390.39,136,136,402.22,137,137,405.18,139,139,140,140,144,144,154,159,161
FREETOWN,22,243.14,25,276.3,22,25,54,54,596.8,68,68,751.52,73,73,806.78,80,80,884.15,83,83,917.3,89,89,983.61,89,89,983.61,96,96,1060.97,97,97,1072.03,99,99,1094.13,102,102,1127.29,106,106,106,106,108,108,111,112,112
GARDNER,61,305.15,74,370.19,61,74,104,104,520.26,116,116,580.29,134,134,670.34,156,156,780.39,178,178,890.45,190,190,950.48,189,189,945.48,190,190,950.48,193,193,965.49,195,195,975.49,195,195,975.49,196,196,197,197,199,199,200,202,206
GEORGETOWN,18,201.48,24,268.64,18,24,29,29,324.61,35,35,391.77,40,40,447.74,45,45,503.7,52,52,582.06,54,54,604.44,55,55,615.64,55,55,615.64,56,56,626.83,60,60,671.6,61,61,682.8,62,62,62,62,62,62,69,72,71
GILL,-999,-999,-999,-999,<5,<5,-999,<5,-999,-999,<5,-999,-999,<5,-999,-999,<5,-999,-999,<5,-999,-999,<5,-999,-999,<5,-999,-999,<5,-999,-999,<5,-999,-999,<5,-999,-999,<5,-999,-999,<5,-999,<5,-999,<5,<5,<5,<5
GLOUCESTER,65,227.07,111,387.77,65,111,143,143,499.56,188,188,656.77,211,211,737.12,233,233,813.98,241,241,841.92,251,251,876.86,252,252,880.35,257,257,897.82,257,257,897.82,257,257,897.82,258,258,901.31,260,260,264,264,270,270,275,276,280
GOSHEN,-999,-999,0,0,<5,0,-999,<5,-999,-999,<5,-999,-999,<5,-999,-999,<5,-999,-999,<5,-999,-999,<5,-999,-999,<5,-999,-999,<5,-999,-999,<5,-999,-999,<5,-999,-999,<5,-999,-999,<5,5,5,5,5,5,5,5
GOSNOLD,0,0,0,0,0,0,0,0,0,0,0,0,0,0,0,0,0,0,0,0,0,0,0,0,0,0,0,0,0,0,0,0,0,0,0,0,0,0,0,0,0,5,5,5,5,5,5,5
GRAFTON,33,165.46,41,205.57,33,41,52,52,260.73,63,63,315.88,72,72,361,81,81,406.13,87,87,436.21,94,94,471.31,92,92,461.28,94,94,471.31,94,94,471.31,95,95,476.33,98,98,491.37,97,97,98,98,99,99,102,103,106
GRANBY,12,195.39,13,211.67,12,13,18,18,293.09,18,18,293.09,20,20,325.65,26,26,423.35,28,28,455.91,28,28,455.91,28,28,455.91,28,28,455.91,28,28,455.91,28,28,455.91,31,31,504.76,32,32,32,32,32,32,38,40,41
GRANVILLE,6,385.53,7,449.78,6,7,8,8,514.04,8,8,514.04,9,9,578.29,9,9,578.29,10,10,642.55,10,10,642.55,10,10,642.55,10,10,642.55,10,10,642.55,12,12,771.06,13,13,835.31,13,13,12,12,12,12,12,12,12
GREAT BARRINGTON,30,441.45,37,544.46,30,37,46,46,676.89,49,49,721.04,51,51,750.47,52,52,765.18,72,72,1059.49,72,72,1059.49,72,72,1059.49,72,72,1059.49,72,72,1059.49,73,73,1074.2,73,73,1074.2,73,73,73,73,73,73,74,74,75
GREENFIELD,94,541.34,122,702.59,94,122,157,157,904.15,174,174,1002.05,186,186,1071.16,189,189,1088.43,191,191,1099.95,193,193,1111.47,198,198,1140.26,200,200,1151.78,201,201,1157.54,203,203,1169.06,206,206,1186.33,209,209,209,209,210,210,215,218,218
GROTON,15,128.81,15,128.81,15,15,22,22,188.92,29,29,249.02,35,35,300.55,38,38,326.31,40,40,343.48,40,40,343.48,40,40,343.48,41,41,352.07,43,43,369.24,43,43,369.24,43,43,369.24,43,43,43,43,44,44,44,44,44
GROVELAND,6,87.8,8,117.07,6,8,14,14,204.87,20,20,292.67,25,25,365.84,28,28,409.74,29,29,424.37,30,30,439,32,32,468.27,32,32,468.27,33,33,482.9,35,35,512.17,38,38,556.07,42,42,42,42,41,41,41,42,42
HADLEY,15,260.85,17,295.63,15,17,27,27,469.54,33,33,573.88,36,36,626.05,40,40,695.61,42,42,730.39,42,42,730.39,42,42,730.39,42,42,730.39,43,43,747.78,44,44,765.17,45,45,782.56,44,44,45,45,45,45,45,45,46
HALIFAX,20,261.73,22,287.91,20,22,25,25,327.17,29,29,379.51,32,32,418.77,48,48,628.16,56,56,732.85,55,55,719.76,56,56,732.85,56,56,732.85,56,56,732.85,56,56,732.85,56,56,732.85,58,58,58,58,59,59,59,59,59
HAMILTON,11,147.18,14,187.32,11,14,21,21,280.97,22,22,294.35,24,24,321.11,28,28,374.63,30,30,401.39,31,31,414.77,36,36,481.67,36,36,481.67,36,36,481.67,37,37,495.05,37,37,495.05,36,36,37,37,38,38,39,41,44
HAMPDEN,12,242.88,14,283.36,12,14,16,16,323.84,17,17,344.08,37,37,748.87,45,45,910.79,67,67,1356.06,83,83,1679.9,87,87,1760.86,91,91,1841.81,96,96,1943.01,98,98,1983.49,98,98,1983.49,98,98,99,99,99,99,99,99,101
HANCOCK,-999,-999,-999,-999,<5,<5,-999,<5,-999,-999,<5,-999,-999,<5,-999,-999,<5,-999,-999,<5,-999,-999,<5,-999,-999,<5,-999,-999,<5,-999,-999,<5,-999,-999,<5,-999,-999,<5,-999,-999,<5,-999,<5,-999,<5,<5,<5,<5
HANOVER,33,230.37,38,265.27,33,38,44,44,307.16,53,53,369.99,56,56,390.93,60,60,418.85,61,61,425.83,67,67,467.72,69,69,481.68,70,70,488.66,74,74,516.59,78,78,544.51,78,78,544.51,74,74,74,74,74,74,78,79,80
HANSON,24,224.16,44,410.96,24,44,66,66,616.43,73,73,681.81,80,80,747.19,88,88,821.91,93,93,868.61,98,98,915.31,103,103,962.01,105,105,980.69,108,108,1008.71,110,110,1027.39,110,110,1027.39,109,109,109,109,110,110,110,114,119
HARDWICK,-999,-999,-999,-999,<5,<5,-999,<5,-999,7,7,211.39,6,6,181.19,7,7,211.39,7,7,211.39,9,9,271.78,9,9,271.78,9,9,271.78,9,9,271.78,9,9,271.78,9,9,271.78,9,9,9,9,10,10,10,10,10
HARVARD,11,158.79,13,187.66,11,13,14,14,202.1,15,15,216.53,16,16,230.97,16,16,230.97,17,17,245.4,17,17,245.4,17,17,245.4,18,18,259.84,18,18,259.84,18,18,259.84,18,18,259.84,18,18,18,18,18,18,18,18,18
HARWICH,29,230.84,30,238.8,29,30,36,36,286.55,96,96,764.14,106,106,843.74,111,111,883.54,117,117,931.3,121,121,963.14,120,120,955.18,120,120,955.18,123,123,979.06,125,125,994.98,128,128,1018.86,131,131,134,134,136,136,139,141,142
HATFIELD,-999,-999,6,184.78,<5,6,8,8,246.37,9,9,277.17,10,10,307.96,10,10,307.96,14,14,431.15,16,16,492.74,16,16,492.74,17,17,523.54,17,17,523.54,17,17,523.54,17,17,523.54,18,18,18,18,18,18,19,19,20
HAVERHILL,217,329.56,385,584.7,217,385,600,600,911.22,833,833,1265.08,950,950,1442.77,1066,1066,1618.94,1104,1104,1676.65,1135,1135,1723.73,1180,1180,1792.07,1209,1209,1836.11,1217,1217,1848.26,1242,1242,1886.23,1247,1247,1893.83,1250,1250,1262,1262,1275,1275,1283,1291,1306
HAWLEY,0,0,0,0,0,0,0,0,0,0,0,0,0,0,0,0,0,0,0,0,0,0,0,0,0,0,0,0,0,0,0,0,0,0,0,0,0,0,0,0,0,0,0,0,0,0,0,0
HEATH,0,0,0,0,0,0,0,0,0,0,0,0,0,0,0,0,0,0,0,0,0,0,0,0,0,0,0,0,0,0,0,0,0,0,0,0,0,0,0,0,0,0,0,0,0,0,0,0
HINGHAM,49,205.99,108,454.02,49,108,148,148,622.17,186,186,781.92,223,223,937.46,237,237,996.31,254,254,1067.78,257,257,1080.39,265,265,1114.02,269,269,1130.84,275,275,1156.06,278,278,1168.67,281,281,1181.28,281,281,283,283,288,288,295,291,294
HINSDALE,-999,-999,-999,-999,<5,<5,-999,<5,-999,-999,<5,-999,-999,<5,-999,-999,<5,-999,-999,<5,-999,-999,<5,-999,-999,<5,-999,-999,<5,-999,-999,<5,-999,-999,<5,-999,-999,<5,-999,-999,<5,-999,<5,5,5,5,5,5
HOLBROOK,64,566.62,83,734.84,64,83,135,135,1195.21,153,153,1354.58,166,166,1469.67,176,176,1558.21,186,186,1646.74,187,187,1655.59,191,191,1691.01,194,194,1717.57,193,193,1708.71,193,193,1708.71,194,194,1717.57,197,197,200,200,203,203,205,205,205
HOLDEN,30,159.06,34,180.27,30,34,50,50,265.1,70,70,371.14,76,76,402.95,85,85,450.67,93,93,493.08,102,102,540.8,111,111,588.52,115,115,609.73,119,119,630.93,122,122,646.84,122,122,646.84,124,124,125,125,127,127,129,135,135
HOLLAND,5,195.29,5,195.29,5,5,5,5,195.29,6,6,234.35,8,8,312.46,8,8,312.46,8,8,312.46,8,8,312.46,8,8,312.46,8,8,312.46,8,8,312.46,8,8,312.46,8,8,312.46,8,8,8,8,9,9,10,10,11
HOLLISTON,18,130.58,21,152.35,18,21,34,34,246.65,44,44,319.2,48,48,348.22,53,53,384.49,56,56,406.25,56,56,406.25,56,56,406.25,56,56,406.25,56,56,406.25,56,56,406.25,56,56,406.25,56,56,57,57,57,57,63,64,65
HOLYOKE,305,740.21,474,1150.36,305,474,596,596,1446.45,678,678,1645.46,723,723,1754.67,764,764,1854.17,804,804,1951.25,842,842,2043.47,877,877,2128.41,899,899,2181.81,905,905,2196.37,913,913,2215.78,925,925,2244.91,942,942,959,959,980,980,1007,1029,1047
HOPEDALE,7,123.26,8,140.87,7,8,17,17,299.35,22,22,387.39,27,27,475.43,34,34,598.69,39,39,686.74,39,39,686.74,40,40,704.35,41,41,721.96,42,42,739.56,42,42,739.56,42,42,739.56,43,43,45,45,47,47,47,48,49
HOPKINTON,21,128.72,65,398.42,21,65,108,108,661.99,104,104,637.47,104,104,637.47,110,110,674.25,115,115,704.9,119,119,729.42,120,120,735.54,121,121,741.67,121,121,741.67,125,125,766.19,131,131,802.97,131,131,132,132,133,133,135,136,136
HUBBARDSTON,-999,-999,-999,-999,<5,<5,-999,<5,-999,5,5,107.28,5,5,107.28,5,5,107.28,5,5,107.28,5,5,107.28,6,6,128.74,6,6,128.74,6,6,128.74,6,6,128.74,7,7,150.19,7,7,7,7,7,7,8,8,8
HUDSON,49,233.93,73,348.51,49,73,99,99,472.63,125,125,596.76,148,148,706.56,163,163,778.17,170,170,811.59,179,179,854.56,182,182,868.88,185,185,883.2,191,191,911.85,192,192,916.62,191,191,911.85,195,195,196,196,196,196,196,201,208
HULL,14,141.75,17,172.13,14,17,32,32,324,35,35,354.38,43,43,435.38,47,47,475.88,47,47,475.88,48,48,486,49,49,496.13,50,50,506.25,50,50,506.25,51,51,516.38,51,51,516.38,52,52,53,53,53,53,59,62,64
HUNTINGTON,5,226.1,6,271.33,5,6,9,9,406.99,12,12,542.65,12,12,542.65,13,13,587.87,14,14,633.09,14,14,633.09,14,14,633.09,14,14,633.09,14,14,633.09,14,14,633.09,15,15,678.31,14,14,14,14,14,14,14,14,14
IPSWICH,23,171.04,33,245.41,23,33,46,46,342.09,52,52,386.71,57,57,423.89,62,62,461.07,62,62,461.07,66,66,490.82,70,70,520.57,71,71,528,71,71,528,71,71,528,70,70,520.57,70,70,70,70,73,73,77,79,81
KINGSTON,24,176.95,50,368.64,24,50,61,61,449.74,97,97,715.16,103,103,759.4,116,116,855.24,127,127,936.34,131,131,965.84,134,134,987.95,136,136,1002.7,136,136,1002.7,136,136,1002.7,137,137,1010.07,138,138,138,138,138,138,141,143,145
LAKEVILLE,21,185.99,27,239.14,21,27,41,41,363.13,48,48,425.13,52,52,460.56,54,54,478.27,55,55,487.13,55,55,487.13,56,56,495.98,58,58,513.7,59,59,522.55,59,59,522.55,62,62,549.13,61,61,63,63,63,63,62,63,66
LANCASTER,11,128.39,12,140.06,11,12,54,54,630.27,62,62,723.64,69,69,805.34,75,75,875.37,81,81,945.4,87,87,1015.43,101,101,1178.83,101,101,1178.83,100,100,1167.16,100,100,1167.16,101,101,1178.83,101,101,103,103,103,103,106,108,108
LANESBOROUGH,-999,-999,5,164.14,<5,5,5,5,164.14,6,6,196.97,7,7,229.8,7,7,229.8,8,8,262.63,8,8,262.63,8,8,262.63,8,8,262.63,8,8,262.63,8,8,262.63,8,8,262.63,8,8,8,8,8,8,8,8,8
LAWRENCE,814,923.15,1205,1366.59,814,1205,1639,1639,1858.78,1975,1975,2239.84,2382,2382,2701.42,2681,2681,3040.51,2939,2939,3333.11,3163,3163,3587.15,3339,3339,3786.75,3443,3443,3904.69,3515,3515,3986.35,3553,3553,4029.45,3639,3639,4126.98,3686,3686,3704,3704,3760,3760,3824,3878,3941
LEE,10,170.07,11,187.08,10,11,15,15,255.11,16,16,272.12,16,16,272.12,16,16,272.12,16,16,272.12,18,18,306.13,19,19,323.14,20,20,340.15,19,19,323.14,19,19,323.14,19,19,323.14,19,19,21,21,22,22,22,22,22
LEICESTER,14,124.29,58,514.92,14,58,91,91,807.89,106,106,941.06,118,118,1047.6,128,128,1136.38,143,143,1269.55,147,147,1305.06,147,147,1305.06,149,149,1322.81,151,151,1340.57,151,151,1340.57,151,151,1340.57,153,153,154,154,158,158,163,164,167
LENOX,10,204.98,11,225.47,10,11,12,12,245.97,12,12,245.97,12,12,245.97,13,13,266.47,13,13,266.47,13,13,266.47,13,13,266.47,13,13,266.47,13,13,266.47,13,13,266.47,13,13,266.47,14,14,14,14,16,16,19,17,17
LEOMINSTER,84,206.94,128,315.33,84,128,207,207,509.95,294,294,724.28,376,376,926.29,516,516,1271.18,575,575,1416.53,613,613,1510.15,658,658,1621.01,667,667,1643.18,680,680,1675.2,694,694,1709.69,702,702,1729.4,708,708,708,708,718,718,730,704,742
LEVERETT,-999,-999,-999,-999,<5,<5,-999,<5,-999,-999,<5,-999,-999,<5,-999,-999,<5,-999,-999,<5,-999,-999,<5,-999,-999,<5,-999,-999,<5,-999,-999,<5,-999,-999,<5,-999,-999,<5,-999,-999,<5,-999,<5,-999,<5,<5,<5,<5
LEXINGTON,149,437.65,218,640.33,149,218,257,257,754.88,278,278,816.56,290,290,851.81,302,302,887.06,308,308,904.68,316,316,928.18,317,317,931.12,322,322,945.8,321,321,942.87,329,329,966.36,327,327,960.49,331,331,332,332,335,335,339,338,340
LEYDEN,0,0,0,0,0,0,0,0,0,0,0,0,0,0,0,0,0,0,0,0,0,0,0,0,0,0,0,0,0,0,0,0,0,0,0,0,0,0,0,0,0,0,0,0,0,0,0,0
LINCOLN,16,184.91,25,288.92,16,25,25,25,288.92,29,29,335.15,30,30,346.7,32,32,369.82,34,34,392.93,36,36,416.04,37,37,427.6,38,38,439.16,38,38,439.16,40,40,462.27,41,41,473.83,41,41,41,41,41,41,44,45,46
LITTLETON,69,710.01,69,710.01,69,69,76,76,782.04,89,89,915.81,93,93,956.97,94,94,967.26,100,100,1029,99,99,1018.71,99,99,1018.71,99,99,1018.71,98,98,1008.42,98,98,1008.42,100,100,1029,101,101,102,102,102,102,105,105,106
LONGMEADOW,128,825.29,159,1025.16,128,159,177,177,1141.22,189,189,1218.59,195,195,1257.27,202,202,1302.41,202,202,1302.41,204,204,1315.3,208,208,1341.09,213,213,1373.33,214,214,1379.78,217,217,1399.12,219,219,1412.01,223,223,227,227,235,235,240,244,247
LOWELL,598,511.73,1235,1056.83,598,1235,1649,1649,1411.11,2002,2002,1713.18,2215,2215,1895.45,2457,2457,2102.54,2581,2581,2208.65,2671,2671,2285.67,2757,2757,2359.26,2807,2807,2402.05,2854,2854,2442.27,2895,2895,2477.35,2924,2924,2502.17,2958,2958,2992,2992,3022,3022,3040,3059,3086
LUDLOW,28,134.2,47,225.27,28,47,59,59,282.78,79,79,378.64,94,94,450.54,110,110,527.22,113,113,541.6,118,118,565.57,119,119,570.36,124,124,594.32,124,124,594.32,125,125,599.12,126,126,603.91,129,129,132,132,132,132,135,137,141
LUNENBURG,21,201.79,24,230.62,21,24,34,34,326.71,42,42,403.58,46,46,442.01,58,58,557.32,60,60,576.54,60,60,576.54,61,61,586.15,61,61,586.15,62,62,595.76,63,63,605.37,64,64,614.98,66,66,67,67,67,67,69,71,72
LYNN,745,738.33,1387,1374.58,745,1387,2056,2056,2037.6,2536,2536,2513.3,2834,2834,2808.63,3117,3117,3089.1,3281,3281,3251.63,3430,3430,3399.3,3503,3503,3471.64,3548,3548,3516.24,3604,3604,3571.74,3635,3635,3602.46,3666,3666,3633.18,3725,3725,3779,3779,3858,3858,4020,4195,4334
LYNNFIELD,44,377.71,56,480.73,44,56,73,73,626.66,77,77,661,80,80,686.75,87,87,746.84,89,89,764.01,90,90,772.6,93,93,798.35,93,93,798.35,93,93,798.35,95,95,815.52,98,98,841.27,98,98,98,98,100,100,102,106,108
MALDEN,379,559.38,560,826.52,379,560,751,751,1108.43,897,897,1323.91,986,986,1455.27,1053,1053,1554.16,1110,1110,1638.29,1151,1151,1698.8,1170,1170,1726.84,1211,1211,1787.36,1222,1222,1803.59,1237,1237,1825.73,1250,1250,1844.92,1267,1267,1280,1280,1302,1302,1331,1349,1359
MANCHESTER,9,181.95,12,242.6,9,12,13,13,262.82,14,14,283.04,15,15,303.25,16,16,323.47,18,18,363.9,19,19,384.12,19,19,384.12,20,20,404.34,20,20,404.34,20,20,404.34,20,20,404.34,20,20,20,20,21,21,21,21,21
MANSFIELD,60,253.85,87,368.08,60,87,110,110,465.39,123,123,520.39,137,137,579.62,147,147,621.93,157,157,664.24,158,158,668.47,161,161,681.16,163,163,689.62,163,163,689.62,161,161,681.16,165,165,698.08,166,166,168,168,173,173,179,185,193
MARBLEHEAD,52,270.59,65,338.23,52,65,118,118,614.02,158,158,822.16,163,163,848.18,211,211,1097.95,221,221,1149.99,224,224,1165.6,225,225,1170.8,228,228,1186.41,228,228,1186.41,233,233,1212.43,237,237,1233.25,240,240,243,243,247,247,254,255,261
MARION,-999,-999,-999,-999,<5,<5,7,7,150.85,7,7,150.85,9,9,193.94,11,11,237.04,13,13,280.14,13,13,280.14,13,13,280.14,13,13,280.14,13,13,280.14,13,13,280.14,13,13,280.14,13,13,13,13,14,14,15,16,16
MARLBOROUGH,177,407.47,295,679.11,177,295,429,429,987.59,581,581,1337.51,698,698,1606.85,829,829,1908.42,918,918,2113.31,938,938,2159.35,952,952,2191.58,966,966,2223.81,984,984,2265.24,988,988,2274.45,995,995,2290.57,1000,1000,1015,1015,1029,1029,1045,1071,1087
MARSHFIELD,67,259.09,83,320.96,67,83,106,106,409.91,130,130,502.72,139,139,537.52,152,152,587.79,155,155,599.39,157,157,607.13,160,160,618.73,164,164,634.2,168,168,649.66,169,169,653.53,169,169,653.53,171,171,174,174,175,175,175,175,178
MASHPEE,28,182.08,34,221.1,28,34,37,37,240.61,42,42,273.12,45,45,292.63,50,50,325.14,53,53,344.65,54,54,351.15,56,56,364.16,60,60,390.17,63,63,409.68,63,63,409.68,64,64,416.18,67,67,68,68,74,74,75,76,76
MATTAPOISETT,8,138.37,9,155.67,8,9,15,15,259.45,22,22,380.53,25,25,432.42,28,28,484.31,29,29,501.61,31,31,536.2,34,34,588.09,34,34,588.09,35,35,605.39,37,37,639.98,37,37,639.98,37,37,41,41,41,41,42,42,45
MAYNARD,20,191.67,24,230,20,24,35,35,335.42,52,52,498.34,60,60,575.01,63,63,603.76,71,71,680.43,69,69,661.26,69,69,661.26,69,69,661.26,70,70,670.84,70,70,670.84,70,70,670.84,71,71,71,71,73,73,78,79,81
MEDFIELD,16,140.35,23,201.75,16,23,28,28,245.61,32,32,280.69,32,32,280.69,33,33,289.46,34,34,298.24,35,35,307.01,36,36,315.78,36,36,315.78,36,36,315.78,36,36,315.78,38,38,333.32,39,39,39,39,39,39,39,40,41
MEDFORD,350,575.52,590,970.16,350,590,756,756,1243.13,829,829,1363.16,870,870,1430.58,922,922,1516.09,961,961,1580.22,994,994,1634.48,1013,1013,1665.72,1014,1014,1667.37,1020,1020,1677.23,1032,1032,1696.97,1039,1039,1708.48,1047,1047,1059,1059,1070,1070,1091,1109,1126
MEDWAY,27,206.42,46,351.68,27,46,61,61,466.36,68,68,519.88,99,99,756.88,103,103,787.47,109,109,833.34,113,113,863.92,118,118,902.14,117,117,894.5,118,118,902.14,118,118,902.14,119,119,909.79,120,120,121,121,122,122,123,124,125
MELROSE,86,297.35,126,435.65,86,126,157,157,542.84,181,181,625.82,206,206,712.26,216,216,746.83,233,233,805.61,239,239,826.36,241,241,833.27,240,240,829.81,242,242,836.73,245,245,847.1,247,247,854.02,255,255,273,273,281,281,287,290,293
MENDON,9,155.36,10,172.62,9,10,14,14,241.67,20,20,345.24,22,22,379.76,23,23,397.02,27,27,466.07,27,27,466.07,30,30,517.86,30,30,517.86,30,30,517.86,30,30,517.86,30,30,517.86,31,31,32,32,32,32,32,32,33
MERRIMAC,-999,-999,8,125.2,<5,8,16,16,250.39,19,19,297.34,23,23,359.94,26,26,406.89,33,33,516.44,34,34,532.08,35,35,547.73,36,36,563.38,36,36,563.38,35,35,547.73,35,35,547.73,35,35,35,35,35,35,36,36,36
METHUEN,273,509.79,409,763.76,273,409,576,576,1075.61,664,664,1239.94,737,737,1376.26,827,827,1544.32,905,905,1689.98,939,939,1753.47,970,970,1811.36,995,995,1858.04,1004,1004,1874.85,1015,1015,1895.39,1029,1029,1921.53,1050,1050,1063,1063,1077,1077,1086,1096,1123
MIDDLEBOROUGH,51,189.44,72,267.44,51,72,123,123,456.88,150,150,557.17,221,221,820.89,243,243,902.61,252,252,936.04,258,258,958.33,260,260,965.76,263,263,976.9,264,264,980.62,268,268,995.47,270,270,1002.9,269,269,272,272,274,274,279,282,293
MIDDLEFIELD,0,0,89,19618.25,0,89,0,0,0,0,0,0,0,0,0,0,0,0,0,0,0,0,0,0,0,0,0,0,0,0,0,0,0,0,0,0,0,0,0,0,0,0,0,0,0,0,0,0
MIDDLETON,64,620.2,114,1104.72,64,114,109,109,1056.27,128,128,1240.39,132,132,1279.15,144,144,1395.44,159,159,1540.8,160,160,1550.49,161,161,1560.18,163,163,1579.56,163,163,1579.56,167,167,1618.32,167,167,1618.32,169,169,172,172,174,174,179,180,180
MILFORD,71,242.29,0,0,71,0,316,316,1078.38,470,470,1603.92,525,525,1791.61,575,575,1962.24,609,609,2078.27,617,617,2105.57,631,631,2153.34,636,636,2170.41,641,641,2187.47,646,646,2204.53,651,651,2221.6,652,652,657,657,668,668,679,683,693
MILLBURY,60,439.33,117,399.27,60,117,144,144,1054.4,164,164,1200.84,173,173,1266.74,184,184,1347.29,198,198,1449.8,205,205,1501.05,204,204,1493.73,207,207,1515.7,210,210,1537.66,213,213,1559.63,214,214,1566.95,215,215,216,216,216,216,224,227,229
MILLIS,18,227.97,27,341.96,18,27,32,32,405.28,39,39,493.94,43,43,544.6,45,45,569.93,47,47,595.26,47,47,595.26,47,47,595.26,48,48,607.93,48,48,607.93,48,48,607.93,49,49,620.59,50,50,50,50,50,50,52,52,52
MILLVILLE,-999,-999,7,197.14,<5,7,10,10,281.63,13,13,366.12,13,13,366.12,13,13,366.12,13,13,366.12,15,15,422.45,17,17,478.77,19,19,535.1,19,19,535.1,20,20,563.26,21,21,591.42,22,22,22,22,23,23,24,25,25
MILTON,112,391.2,141,492.49,112,141,195,195,681.11,265,265,925.61,271,271,946.57,286,286,998.96,291,291,1016.43,295,295,1030.4,297,297,1037.38,299,299,1044.37,300,300,1047.86,302,302,1054.85,305,305,1065.33,307,307,314,314,318,318,323,329,340
MONROE,0,0,0,0,0,0,0,0,0,0,0,0,0,0,0,0,0,0,0,0,0,0,0,0,0,0,0,0,0,0,0,0,0,0,0,0,0,0,0,0,0,0,0,0,0,0,0,0
MONSON,10,118.55,14,165.97,10,14,18,18,213.39,22,22,260.81,26,26,308.23,30,30,355.65,33,33,391.22,34,34,403.07,34,34,403.07,35,35,414.93,36,36,426.78,37,37,438.64,39,39,462.35,42,42,43,43,44,44,44,45,45
MONTAGUE,10,116.98,14,163.77,10,14,19,19,222.26,20,20,233.96,23,23,269.05,25,25,292.45,25,25,292.45,25,25,292.45,25,25,292.45,27,27,315.84,28,28,327.54,28,28,327.54,29,29,339.24,29,29,29,29,29,29,29,29,29
MONTEREY,0,0,0,0,0,0,0,0,0,0,0,0,0,0,0,0,0,0,0,0,0,0,0,0,0,0,0,0,0,0,0,0,0,0,0,0,-999,<5,-999,-999,<5,-999,<5,-999,<5,<5,<5,<5
MONTGOMERY,-999,-999,-999,-999,<5,<5,-999,<5,-999,-999,<5,-999,-999,<5,-999,-999,<5,-999,-999,<5,-999,-999,<5,-999,-999,<5,-999,-999,<5,-999,-999,<5,-999,-999,<5,-999,-999,<5,-999,-999,<5,-999,<5,-999,<5,<5,<5,<5
MOUNT WASHINGTON,0,0,0,0,0,0,0,0,0,0,0,0,0,0,0,0,0,0,0,0,0,0,0,0,0,0,0,0,0,0,0,0,0,0,0,0,0,0,0,0,0,0,0,0,0,0,0,0
NAHANT,24,733.51,28,855.77,24,28,29,29,886.33,31,31,947.46,34,34,1039.14,37,37,1130.83,39,39,1191.96,39,39,1191.96,39,39,1191.96,40,40,1222.52,40,40,1222.52,40,40,1222.52,40,40,1222.52,40,40,41,41,44,44,44,44,44
NANTUCKET,9,79.37,9,79.37,9,9,11,11,97.01,12,12,105.82,12,12,105.82,12,12,105.82,13,13,114.64,13,13,114.64,13,13,114.64,13,13,114.64,13,13,114.64,16,16,141.1,19,19,167.56,22,22,26,26,30,30,30,34,34
NATICK,114,317.35,214,595.73,114,214,280,280,779.45,311,311,865.75,349,349,971.53,381,381,1060.61,395,395,1099.59,412,412,1146.91,412,412,1146.91,412,412,1146.91,413,413,1149.7,418,418,1163.61,419,419,1166.4,421,421,432,432,438,438,441,445,450
NEEDHAM,114,388.92,156,532.2,114,156,217,217,740.31,251,251,856.3,292,292,996.17,303,303,1033.7,311,311,1060.99,318,318,1084.87,325,325,1108.75,328,328,1118.99,329,329,1122.4,330,330,1125.81,333,333,1136.05,334,334,341,341,352,352,369,370,370
NEW ASHFORD,0,0,0,0,0,0,0,0,0,0,0,0,0,0,0,0,0,0,0,0,0,0,0,0,0,0,0,0,0,0,0,0,0,0,0,0,0,0,0,0,0,0,0,0,0,0,0,0
NEW BEDFORD,165,165.74,212,212.95,165,212,579,579,581.59,881,881,884.94,1241,1241,1246.55,1583,1583,1590.07,1756,1756,1763.85,1910,1910,1918.54,1991,1991,1999.9,2052,2052,2061.17,2095,2095,2104.36,2138,2138,2147.55,2157,2157,2166.64,2167,2167,2197,2197,2223,2223,2258,2295,2330
NEW BRAINTREE,-999,-999,-999,-999,<5,<5,-999,<5,-999,-999,<5,-999,-999,<5,-999,-999,<5,-999,-999,<5,-999,-999,<5,-999,-999,<5,-999,-999,<5,-999,-999,<5,-999,-999,<5,-999,-999,<5,-999,-999,<5,-999,<5,-999,<5,<5,<5,<5
NEW MARLBOROUGH,-999,-999,-999,-999,<5,<5,-999,<5,-999,-999,<5,-999,-999,<5,-999,6,6,392.17,6,6,392.17,6,6,392.17,7,7,457.53,7,7,457.53,7,7,457.53,7,7,457.53,7,7,457.53,7,7,7,7,7,7,8,8,9
NEW SALEM,0,0,0,0,0,0,0,0,0,0,0,0,0,0,0,0,0,0,0,0,0,-999,<5,-999,-999,<5,-999,-999,<5,-999,-999,<5,-999,-999,<5,-999,-999,<5,-999,-999,<5,-999,<5,-999,<5,<5,<5,<5
NEWBURY,-999,-999,-999,-999,<5,<5,6,6,90.24,6,6,90.24,7,7,105.28,8,8,120.32,11,11,165.45,13,13,195.53,13,13,195.53,14,14,210.57,13,13,195.53,13,13,195.53,14,14,210.57,14,14,14,14,14,14,15,15,17
NEWBURYPORT,30,168.5,38,213.44,30,38,46,46,258.37,51,51,286.46,56,56,314.54,65,65,365.09,71,71,398.79,81,81,454.96,94,94,527.98,98,98,550.45,97,97,544.83,99,99,556.06,99,99,556.06,101,101,111,111,117,117,118,119,119
NEWTON,337,367.39,455,496.03,337,455,553,553,602.87,588,588,641.03,675,675,735.87,710,710,774.03,745,745,812.19,760,760,828.54,767,767,836.17,765,765,833.99,767,767,836.17,773,773,842.71,773,773,842.71,776,776,789,789,801,801,816,839,864
NORFOLK,14,113.4,14,113.4,14,14,18,18,145.8,22,22,178.2,23,23,186.3,22,22,178.2,24,24,194.4,24,24,194.4,25,25,202.5,25,25,202.5,27,27,218.7,27,27,218.7,27,27,218.7,28,28,29,29,36,36,38,38,38
NORTH ADAMS,29,222.1,39,298.69,29,39,42,42,321.67,43,43,329.32,45,45,344.64,47,47,359.96,46,46,352.3,46,46,352.3,46,46,352.3,46,46,352.3,46,46,352.3,46,46,352.3,46,46,352.3,47,47,48,48,50,50,51,51,51
NORTH ANDOVER,88,290.92,121,400.02,88,121,170,170,562.01,231,231,763.67,248,248,819.87,269,269,889.3,311,311,1028.15,326,326,1077.74,337,337,1114.1,339,339,1120.71,340,340,1124.02,343,343,1133.94,346,346,1143.85,358,358,362,362,362,362,368,374,378
NORTH ATTLEBOROUGH,71,234.98,107,354.13,71,107,158,158,522.92,197,197,651.99,214,214,708.26,228,228,754.59,239,239,791,248,248,820.78,248,248,820.78,249,249,824.09,252,252,834.02,255,255,843.95,258,258,853.88,263,263,266,266,268,268,276,284,294
NORTH BROOKFIELD,-999,-999,5,107.6,<5,5,7,7,150.65,10,10,215.21,11,11,236.73,13,13,279.77,14,14,301.29,14,14,301.29,15,15,322.81,16,16,344.33,16,16,344.33,17,17,365.86,17,17,365.86,18,18,18,18,20,20,22,22,23
NORTH READING,46,278.2,119,719.7,46,119,141,141,852.75,158,158,955.56,166,166,1003.95,175,175,1058.38,183,183,1106.76,184,184,1112.81,186,186,1124.9,187,187,1130.95,187,187,1130.95,191,191,1155.14,192,192,1161.19,193,193,196,196,198,198,199,201,208
NORTHAMPTON,59,201.84,119,407.1,59,119,167,167,571.3,201,201,687.62,238,238,814.19,254,254,868.93,269,269,920.24,269,269,920.24,269,269,920.24,271,271,927.08,273,273,933.93,275,275,940.77,281,281,961.29,282,282,283,283,289,289,304,307,316
NORTHBOROUGH,48,350.6,74,540.51,48,74,130,130,949.54,150,150,1095.63,171,171,1249.01,192,192,1402.4,204,204,1490.05,220,220,1606.92,222,222,1621.53,223,223,1628.83,223,223,1628.83,224,224,1636.13,224,224,1636.13,224,224,226,226,227,227,228,229,229
NORTHBRIDGE,76,422.59,90,500.44,76,90,117,117,650.57,206,206,1145.44,235,235,1306.69,281,281,1562.47,300,300,1668.12,304,304,1690.36,308,308,1712.6,310,310,1723.72,311,311,1729.29,312,312,1734.85,312,312,1734.85,312,312,314,314,317,317,320,328,329
NORTHFIELD,-999,-999,-999,-999,<5,<5,0,0,0,0,0,0,-999,<5,-999,-999,<5,-999,-999,<5,-999,-999,<5,-999,-999,<5,-999,-999,<5,-999,-999,<5,-999,-999,<5,-999,-999,<5,-999,-999,<5,-999,<5,-999,<5,<5,<5,<5
NORTON,47,236.62,66,332.28,47,66,86,86,432.97,104,104,523.59,113,113,568.9,120,120,604.14,121,121,609.18,126,126,634.35,130,130,654.49,132,132,664.56,133,133,669.59,135,135,679.66,135,135,679.66,137,137,140,140,143,143,145,146,154
NORWELL,30,280.25,52,485.76,30,52,77,77,719.3,91,91,850.08,105,105,980.86,116,116,1083.62,118,118,1102.3,119,119,1111.64,119,119,1111.64,119,119,1111.64,121,121,1130.32,122,122,1139.67,122,122,1139.67,123,123,124,124,125,125,127,129,129
NORWOOD,229,760.49,316,1049.41,229,316,390,390,1295.15,441,441,1464.52,462,462,1534.26,513,513,1703.63,540,540,1793.29,563,563,1869.67,568,568,1886.28,568,568,1886.28,576,576,1912.84,580,580,1926.13,580,580,1926.13,584,584,585,585,590,590,596,605,608
OAK BLUFFS,-999,-999,-999,-999,<5,<5,-999,<5,-999,-999,<5,-999,-999,<5,-999,5,5,96.73,5,5,96.73,5,5,96.73,5,5,96.73,5,5,96.73,5,5,96.73,5,5,96.73,6,6,116.08,6,6,7,7,7,7,7,8,9
OAKHAM,-999,-999,-999,-999,<5,<5,-999,<5,-999,-999,<5,-999,-999,<5,-999,-999,<5,-999,-999,<5,-999,6,6,283.98,6,6,283.98,7,7,331.31,7,7,331.31,7,7,331.31,7,7,331.31,7,7,7,7,9,9,10,10,10
ORANGE,23,281.77,25,306.27,23,25,26,26,318.52,31,31,379.77,34,34,416.52,35,35,428.77,39,39,477.78,39,39,477.78,40,40,490.03,40,40,490.03,40,40,490.03,40,40,490.03,41,41,502.28,42,42,43,43,44,44,44,44,44
ORLEANS,9,159.35,11,194.76,9,11,13,13,230.17,14,14,247.88,15,15,265.58,15,15,265.58,15,15,265.58,16,16,283.29,16,16,283.29,16,16,283.29,16,16,283.29,16,16,283.29,16,16,283.29,16,16,16,16,18,18,18,18,18
OTIS,-999,-999,-999,-999,<5,<5,-999,<5,-999,-999,<5,-999,-999,<5,-999,-999,<5,-999,-999,<5,-999,-999,<5,-999,-999,<5,-999,-999,<5,-999,-999,<5,-999,-999,<5,-999,-999,<5,-999,-999,<5,-999,<5,-999,<5,<5,<5,<5
OXFORD,15,108.83,23,166.88,15,23,29,29,210.41,37,37,268.45,42,42,304.73,52,52,377.29,63,63,457.1,67,67,486.12,73,73,529.65,79,79,573.18,80,80,580.44,82,82,594.95,82,82,594.95,81,81,81,81,84,84,84,86,88
PALMER,12,100.89,14,117.7,12,14,23,23,193.37,31,31,260.63,36,36,302.66,43,43,361.51,45,45,378.33,45,45,378.33,45,45,378.33,48,48,403.55,48,48,403.55,49,49,411.96,50,50,420.37,52,52,52,52,56,56,58,62,64
PAXTON,8,161.64,9,181.85,8,9,13,13,262.67,17,17,343.49,23,23,464.72,27,27,545.54,29,29,585.95,31,31,626.36,32,32,646.56,33,33,666.77,33,33,666.77,33,33,666.77,33,33,666.77,33,33,33,33,34,34,34,35,37
PEABODY,227,407.06,380,681.42,227,380,611,611,1095.66,740,740,1326.98,809,809,1450.71,877,877,1572.65,911,911,1633.62,947,947,1698.18,963,963,1726.87,969,969,1737.62,976,976,1750.18,984,984,1764.52,1001,1001,1795.01,1013,1013,1021,1021,1038,1038,1070,1088,1104
PELHAM,-999,-999,-999,-999,<5,<5,-999,<5,-999,-999,<5,-999,-999,<5,-999,-999,<5,-999,-999,<5,-999,-999,<5,-999,-999,<5,-999,-999,<5,-999,-999,<5,-999,-999,<5,-999,-999,<5,-999,-999,<5,-999,<5,-999,<5,<5,<5,<5
PEMBROKE,30,160.66,44,235.63,30,44,52,52,278.47,59,59,315.96,68,68,364.16,80,80,428.42,85,85,455.2,89,89,476.62,91,91,487.33,91,91,487.33,92,92,492.69,92,92,492.69,92,92,492.69,94,94,95,95,98,98,101,102,105
PEPPERELL,15,122.14,21,171,15,21,28,28,228,35,35,284.99,39,39,317.57,44,44,358.28,47,47,382.71,49,49,398.99,50,50,407.14,52,52,423.42,52,52,423.42,52,52,423.42,52,52,423.42,53,53,54,54,55,55,58,59,59
PERU,-999,-999,-999,-999,<5,<5,-999,<5,-999,-999,<5,-999,-999,<5,-999,-999,<5,-999,-999,<5,-999,-999,<5,-999,-999,<5,-999,-999,<5,-999,-999,<5,-999,-999,<5,-999,-999,<5,-999,-999,<5,-999,<5,-999,<5,<5,<5,<5
PETERSHAM,-999,-999,-999,-999,<5,<5,5,5,394.7,5,5,394.7,5,5,394.7,7,7,552.57,7,7,552.57,7,7,552.57,7,7,552.57,7,7,552.57,7,7,552.57,7,7,552.57,7,7,552.57,7,7,7,7,7,7,8,8,8
PHILLIPSTON,7,408.35,7,408.35,7,7,8,8,466.69,12,12,700.03,12,12,700.03,15,15,875.04,15,15,875.04,15,15,875.04,15,15,875.04,15,15,875.04,15,15,875.04,16,16,933.38,16,16,933.38,16,16,16,16,16,16,16,16,18
PITTSFIELD,111,250.69,120,271.02,111,120,131,131,295.86,138,138,311.67,147,147,331.99,153,153,345.55,169,169,381.68,168,168,379.42,168,168,379.42,171,171,386.2,174,174,392.97,175,175,395.23,179,179,404.27,186,186,188,188,199,199,205,211,212
PLAINFIELD,0,0,0,0,0,0,0,0,0,0,0,0,0,0,0,0,0,0,-999,<5,-999,-999,<5,-999,-999,<5,-999,-999,<5,-999,-999,<5,-999,-999,<5,-999,-999,<5,-999,-999,<5,-999,<5,-999,<5,<5,<5,<5
PLAINVILLE,22,241.13,32,350.73,22,32,39,39,427.46,47,47,515.14,51,51,558.98,57,57,624.75,61,61,668.59,64,64,701.47,64,64,701.47,64,64,701.47,64,64,701.47,64,64,701.47,65,65,712.43,65,65,69,69,75,75,75,76,76
PLYMOUTH,108,174.09,152,245.02,108,152,222,222,357.86,317,317,510.99,424,424,683.47,487,487,785.03,526,526,847.89,545,545,878.52,573,573,923.66,595,595,959.12,598,598,963.96,605,605,975.24,610,610,983.3,606,606,599,599,608,608,610,614,618
PLYMPTON,-999,-999,-999,-999,<5,<5,5,5,167.28,6,6,200.73,8,8,267.64,8,8,267.64,9,9,301.1,9,9,301.1,9,9,301.1,11,11,368.01,11,11,368.01,11,11,368.01,11,11,368.01,11,11,11,11,11,11,11,11,12
PRINCETON,-999,-999,-999,-999,<5,<5,-999,<5,-999,-999,<5,-999,-999,<5,-999,-999,<5,-999,-999,<5,-999,6,6,183.92,6,6,183.92,6,6,183.92,6,6,183.92,6,6,183.92,6,6,183.92,6,6,6,6,8,8,8,8,8
PROVINCETOWN,18,686.01,18,686.01,18,18,21,21,800.34,21,21,800.34,21,21,800.34,22,22,838.46,22,22,838.46,22,22,838.46,22,22,838.46,22,22,838.46,22,22,838.46,22,22,838.46,22,22,838.46,22,22,23,23,27,27,27,28,28
QUINCY,369,364.84,551,544.79,369,551,767,767,758.35,903,903,892.82,970,970,959.06,1019,1019,1007.51,1069,1069,1056.95,1107,1107,1094.52,1112,1112,1099.46,1120,1120,1107.37,1129,1129,1116.27,1135,1135,1122.2,1148,1148,1135.06,1167,1167,1195,1195,1231,1231,1289,1297,1328
RANDOLPH,367,1072.5,481,1405.65,367,481,643,643,1879.07,735,735,2147.93,787,787,2299.89,864,864,2524.91,894,894,2612.58,912,912,2665.18,926,926,2706.1,938,938,2741.17,942,942,2752.86,950,950,2776.23,955,955,2790.85,967,967,967,967,979,979,998,1007,1008
RAYNHAM,84,562.36,110,736.42,84,110,176,176,1178.28,201,201,1345.65,206,206,1379.12,218,218,1459.46,223,223,1492.93,227,227,1519.71,232,232,1553.19,237,237,1586.66,238,238,1593.35,240,240,1606.74,239,239,1600.05,240,240,239,239,242,242,245,246,247
READING,78,283.8,118,429.34,78,118,190,190,691.31,221,221,804.11,247,247,898.71,270,270,982.39,276,276,1004.22,291,291,1058.8,291,291,1058.8,293,293,1066.08,296,296,1076.99,296,296,1076.99,300,300,1091.55,304,304,305,305,304,304,307,309,312
REHOBOTH,19,150.6,27,214.02,19,27,32,32,253.65,40,40,317.06,44,44,348.77,49,49,388.4,54,54,428.03,58,58,459.74,60,60,475.59,61,61,483.52,62,62,491.44,62,62,491.44,63,63,499.37,63,63,67,67,67,67,72,77,75
REVERE,470,771.55,759,1245.97,470,759,1123,1123,1843.51,1307,1307,2145.57,1403,1403,2303.16,1506,1506,2472.24,1582,1582,2597,1667,1667,2736.54,1701,1701,2792.35,1733,1733,2844.89,1748,1748,2869.51,1782,1782,2925.32,1808,1808,2968.01,1838,1838,1870,1870,1927,1927,2021,2106,2183
RICHMOND,5,376.53,5,376.53,5,5,5,5,376.53,5,5,376.53,5,5,376.53,5,5,376.53,5,5,376.53,5,5,376.53,5,5,376.53,5,5,376.53,5,5,376.53,5,5,376.53,5,5,376.53,5,5,5,5,5,5,5,5,5
ROCHESTER,7,124.17,8,141.9,7,8,14,14,248.33,19,19,337.02,22,22,390.24,26,26,461.19,31,31,549.88,33,33,585.36,34,34,603.09,34,34,603.09,34,34,603.09,35,35,620.83,37,37,656.31,38,38,39,39,39,39,39,40,42
ROCKLAND,64,354.84,133,737.4,64,133,206,206,1142.13,227,227,1258.56,246,246,1363.91,262,262,1452.61,273,273,1513.6,284,284,1574.59,288,288,1596.77,281,281,1557.96,283,283,1569.05,285,285,1580.13,286,286,1585.68,284,284,285,285,290,290,293,305,307
ROCKPORT,15,228.86,24,366.18,15,24,33,33,503.49,47,47,717.1,72,72,1098.53,74,74,1129.05,76,76,1159.56,76,76,1159.56,78,78,1190.08,82,82,1251.11,82,82,1251.11,82,82,1251.11,82,82,1251.11,82,82,82,82,83,83,83,83,86
ROWE,0,0,0,0,0,0,0,0,0,-999,<5,-999,0,0,0,0,0,0,0,0,0,0,0,0,0,0,0,0,0,0,0,0,0,0,0,0,0,0,0,0,0,0,0,0,0,0,0,0
ROWLEY,10,161.98,16,259.17,10,16,28,28,453.54,26,26,421.15,31,31,502.14,34,34,550.73,34,34,550.73,39,39,631.72,42,42,680.32,54,54,874.69,58,58,939.49,57,57,923.29,59,59,955.68,62,62,63,63,65,65,66,66,68
ROYALSTON,-999,-999,-999,-999,<5,<5,-999,<5,-999,-999,<5,-999,-999,<5,-999,-999,<5,-999,-999,<5,-999,-999,<5,-999,-999,<5,-999,-999,<5,-999,-999,<5,-999,-999,<5,-999,-999,<5,-999,-999,<5,-999,<5,-999,<5,<5,<5,<5
RUSSELL,7,370.95,9,476.94,7,9,8,8,423.95,8,8,423.95,8,8,423.95,11,11,582.93,11,11,582.93,11,11,582.93,11,11,582.93,11,11,582.93,11,11,582.93,12,12,635.92,14,14,741.91,16,16,17,17,16,16,18,20,21
RUTLAND,16,177.6,22,244.2,16,22,28,28,310.8,33,33,366.3,37,37,410.7,43,43,477.3,47,47,521.7,52,52,577.2,52,52,577.2,52,52,577.2,53,53,588.3,53,53,588.3,53,53,588.3,54,54,54,54,54,54,54,56,58
SALEM,181,402.06,277,615.3,181,277,369,369,819.66,445,445,988.48,492,492,1092.88,550,550,1221.72,585,585,1299.46,607,607,1348.33,615,615,1366.1,620,620,1377.21,625,625,1388.32,633,633,1406.09,637,637,1414.97,641,641,651,651,663,663,685,718,747
SALISBURY,12,135.74,19,214.92,12,19,33,33,373.28,37,37,418.52,45,45,509.02,49,49,554.26,50,50,565.57,51,51,576.88,52,52,588.2,52,52,588.2,52,52,588.2,52,52,588.2,53,53,599.51,55,55,59,59,59,59,60,60,60
SANDISFIELD,-999,-999,-999,-999,<5,<5,-999,<5,-999,-999,<5,-999,-999,<5,-999,-999,<5,-999,-999,<5,-999,-999,<5,-999,-999,<5,-999,-999,<5,-999,-999,<5,-999,-999,<5,-999,-999,<5,-999,-999,<5,-999,<5,5,5,6,6,7
SANDWICH,50,237.7,57,270.98,50,57,66,66,313.77,67,67,318.52,74,74,351.8,80,80,380.32,88,88,418.36,90,90,427.86,92,92,437.37,93,93,442.13,94,94,446.87,93,93,442.13,95,95,451.63,97,97,98,98,100,100,101,104,104
SAUGUS,137,481.96,194,682.49,137,194,298,298,1048.36,391,391,1375.53,432,432,1519.77,480,480,1688.63,506,506,1780.1,526,526,1850.46,545,545,1917.3,553,553,1945.44,556,556,1956,556,556,1956,557,557,1959.52,562,562,566,566,579,579,603,616,630
SAVOY,-999,-999,-999,-999,<5,<5,-999,<5,-999,-999,<5,-999,-999,<5,-999,-999,<5,-999,-999,<5,-999,-999,<5,-999,-999,<5,-999,-999,<5,-999,-999,<5,-999,-999,<5,-999,-999,<5,-999,-999,<5,-999,<5,-999,<5,<5,<5,<5
SCITUATE,49,270.4,54,297.99,49,54,62,62,342.13,84,84,463.54,119,119,656.68,131,131,722.9,147,147,811.19,173,173,954.67,177,177,976.74,184,184,1015.37,186,186,1026.4,187,187,1031.92,190,190,1048.48,194,194,195,195,198,198,200,200,200
SEEKONK,26,185.68,34,242.82,26,34,43,43,307.09,51,51,364.23,61,61,435.64,70,70,499.92,74,74,528.48,76,76,542.77,80,80,571.33,81,81,578.48,82,82,585.62,82,82,585.62,82,82,585.62,86,86,90,90,93,93,94,102,104
SHARON,57,311.29,69,376.83,57,69,91,91,496.98,115,115,628.05,118,118,644.43,125,125,682.66,131,131,715.43,142,142,775.5,147,147,802.81,150,150,819.19,154,154,841.04,157,157,857.42,159,159,868.34,160,160,161,161,168,168,172,173,175
SHEFFIELD,9,291.54,11,356.33,9,11,11,11,356.33,13,13,421.12,15,15,485.9,15,15,485.9,15,15,485.9,15,15,485.9,15,15,485.9,15,15,485.9,15,15,485.9,15,15,485.9,15,15,485.9,15,15,15,15,16,16,16,16,16
SHELBURNE,6,324.45,5,270.38,6,5,6,6,324.45,7,7,378.53,7,7,378.53,8,8,432.6,8,8,432.6,8,8,432.6,8,8,432.6,8,8,432.6,8,8,432.6,8,8,432.6,8,8,432.6,8,8,8,8,8,8,8,8,8
SHERBORN,-999,-999,5,130.3,<5,5,10,10,260.6,11,11,286.66,11,11,286.66,11,11,286.66,13,13,338.78,13,13,338.78,13,13,338.78,13,13,338.78,14,14,364.84,15,15,390.9,15,15,390.9,15,15,15,15,18,18,18,18,19
SHIRLEY,15,177.96,25,296.59,15,25,115,115,1364.32,134,134,1589.73,144,144,1708.37,158,158,1874.46,167,167,1981.24,173,173,2052.42,174,174,2064.28,175,175,2076.17,177,177,2099.87,176,176,2088.01,177,177,2099.87,177,177,176,176,177,177,177,178,179
SHREWSBURY,98,248.74,147,373.11,98,147,183,183,464.48,240,240,609.15,265,265,672.61,291,291,738.6,306,306,776.67,307,307,779.21,312,312,791.9,315,315,799.51,317,317,804.59,319,319,809.67,326,326,827.43,331,331,340,340,346,346,357,360,366
SHUTESBURY,-999,-999,-999,-999,<5,<5,-999,<5,-999,-999,<5,-999,-999,<5,-999,-999,<5,-999,-999,<5,-999,-999,<5,-999,-999,<5,-999,-999,<5,-999,-999,<5,-999,-999,<5,-999,-999,<5,-999,-999,<5,-999,<5,-999,<5,<5,<5,<5
SOMERSET,34,183.71,38,205.32,34,38,61,61,329.59,80,80,432.26,98,98,529.51,136,136,734.83,187,187,1010.4,197,197,1064.43,201,201,1086.04,200,200,1080.64,201,201,1086.04,204,204,1102.25,204,204,1102.25,206,206,212,212,218,218,217,219,220
SOMERVILLE,280,365.83,415,542.21,280,415,573,573,748.64,660,660,862.31,729,729,952.46,799,799,1043.92,846,846,1105.33,882,882,1152.36,904,904,1181.11,921,921,1203.32,951,951,1242.51,968,968,1264.72,971,971,1268.64,978,978,998,998,1012,1012,1037,1054,1073
SOUTH HADLEY,38,209.95,46,254.16,38,46,51,51,281.78,61,61,337.03,108,108,596.71,130,130,718.27,134,134,740.37,137,137,756.94,142,142,784.57,142,142,784.57,144,144,795.62,144,144,795.62,147,147,812.19,150,150,168,168,173,173,176,188,203
SOUTHAMPTON,19,316.37,24,399.63,19,24,25,25,416.28,26,26,432.93,28,28,466.24,29,29,482.89,29,29,482.89,29,29,482.89,29,29,482.89,30,30,499.54,30,30,499.54,31,31,516.19,31,31,516.19,31,31,31,31,32,32,33,33,33
SOUTHBOROUGH,21,215.99,21,215.99,21,21,27,27,277.7,35,35,359.98,36,36,370.27,40,40,411.41,39,39,401.12,40,40,411.41,41,41,421.69,41,41,421.69,41,41,421.69,41,41,421.69,42,42,431.98,44,44,44,44,44,44,43,43,43
SOUTHBRIDGE,31,184.05,42,249.36,31,42,53,53,314.67,66,66,391.85,84,84,498.72,108,108,641.21,119,119,706.51,133,133,789.63,150,150,890.56,156,156,926.19,163,163,967.75,168,168,997.43,169,169,1003.37,171,171,179,179,185,185,188,194,197
SOUTHWICK,16,163.38,25,255.28,16,25,39,39,398.23,42,42,428.86,44,44,449.28,48,48,490.13,47,47,479.92,48,48,490.13,48,48,490.13,49,49,500.34,51,51,520.76,52,52,530.97,54,54,551.39,55,55,56,56,56,56,57,57,58
SPENCER,8,69.44,11,95.48,8,11,23,23,199.65,33,33,286.45,38,38,329.85,41,41,355.9,46,46,399.3,48,48,416.66,49,49,425.34,49,49,425.34,49,49,425.34,53,53,460.06,53,53,460.06,52,52,59,59,61,61,66,72,78
SPRINGFIELD,542,342.32,835,527.37,542,835,1317,1317,831.79,1615,1615,1020,1889,1889,1193.05,2186,2186,1380.63,2432,2432,1536,2573,2573,1625.06,2650,2650,1673.69,2697,2697,1703.37,2754,2754,1739.37,2833,2833,1789.27,2872,2872,1813.9,2919,2919,2970,2970,3033,3033,3076,3123,3175
STERLING,14,177.82,16,203.22,14,16,26,26,330.23,52,52,660.46,60,60,762.06,101,101,1282.81,114,114,1447.92,114,114,1447.92,118,118,1498.73,119,119,1511.43,120,120,1524.13,122,122,1549.53,122,122,1549.53,122,122,123,123,124,124,124,124,128
STOCKBRIDGE,6,344.13,6,344.13,6,6,10,10,573.54,11,11,630.9,14,14,802.96,14,14,802.96,14,14,802.96,14,14,802.96,14,14,802.96,14,14,802.96,14,14,802.96,14,14,802.96,14,14,802.96,14,14,15,15,15,15,15,15,15
STONEHAM,129,578.37,180,807.03,129,180,260,260,1165.71,300,300,1345.05,322,322,1443.69,342,342,1533.36,354,354,1587.16,363,363,1627.51,367,367,1645.45,369,369,1654.42,374,374,1676.83,378,378,1694.77,388,388,1739.6,392,392,395,395,404,404,411,415,415
STOUGHTON,194,701.44,305,1102.77,194,305,401,401,1449.88,485,485,1753.59,512,512,1851.21,557,557,2013.92,576,576,2082.61,591,591,2136.85,597,597,2158.54,600,600,2169.39,602,602,2176.62,610,610,2205.55,617,617,2230.86,621,621,613,613,612,612,619,628,633
STOW,7,97.09,9,124.83,7,9,16,16,221.92,22,22,305.14,25,25,346.75,29,29,402.23,28,28,388.36,28,28,388.36,28,28,388.36,27,27,374.49,27,27,374.49,27,27,374.49,27,27,374.49,27,27,27,27,27,27,28,28,28
STURBRIDGE,17,162.8,21,201.11,17,21,24,24,229.84,27,27,258.57,30,30,287.3,33,33,316.03,34,34,325.61,36,36,344.76,40,40,383.06,42,42,402.22,42,42,402.22,43,43,411.79,43,43,411.79,43,43,44,44,45,45,48,49,50
SUDBURY,34,189.9,55,307.2,34,55,76,76,424.49,98,98,547.37,163,163,910.42,174,174,971.86,181,181,1010.95,188,188,1050.05,191,191,1066.81,194,194,1083.56,197,197,1100.32,195,195,1089.15,197,197,1100.32,199,199,198,198,203,203,208,208,211
SUNDERLAND,5,131.53,7,184.14,5,7,9,9,236.75,7,7,184.14,8,8,210.44,8,8,210.44,9,9,236.75,9,9,236.75,9,9,236.75,9,9,236.75,9,9,236.75,9,9,236.75,9,9,236.75,9,9,9,9,9,9,10,10,10
SUTTON,18,200.34,20,222.61,18,20,25,25,278.26,38,38,422.95,38,38,422.95,46,46,511.99,47,47,523.12,51,51,567.64,53,53,589.9,53,53,589.9,50,50,556.51,50,50,556.51,50,50,556.51,50,50,52,52,52,52,55,59,61
SWAMPSCOTT,60,437.74,77,561.77,60,77,97,97,707.68,109,109,795.23,115,115,839.01,119,119,868.19,122,122,890.08,123,123,897.37,127,127,926.56,128,128,933.85,128,128,933.85,129,129,941.15,133,133,970.33,136,136,138,138,143,143,145,146,152
SWANSEA,27,169.07,31,194.12,27,31,54,54,338.14,73,73,457.12,75,75,469.65,90,90,563.57,113,113,707.6,126,126,789,129,129,807.79,132,132,826.58,133,133,832.84,134,134,839.1,135,135,845.36,136,136,138,138,145,145,147,150,152
TAUNTON,247,431.22,351,612.79,247,351,558,558,974.18,690,690,1204.63,758,758,1323.35,854,854,1490.95,894,894,1560.79,934,934,1630.62,951,951,1660.3,962,962,1679.51,964,964,1683,974,974,1700.46,983,983,1716.17,992,992,1001,1001,1008,1008,1051,1033,1047
TEMPLETON,34,380.7,84,940.55,34,84,93,93,1041.32,98,98,1097.31,109,109,1220.47,110,110,1231.67,116,116,1298.85,119,119,1332.44,121,121,1354.84,122,122,1366.03,122,122,1366.03,123,123,1377.23,124,124,1388.43,124,124,124,124,124,124,124,124,125
TEWKSBURY,129,418.96,204,662.54,129,204,357,357,1159.44,429,429,1393.28,484,484,1571.91,543,543,1763.52,560,560,1818.73,574,574,1864.2,575,575,1867.45,574,574,1864.2,582,582,1890.18,585,585,1899.93,586,586,1903.17,597,597,598,598,600,600,608,614,626
TISBURY,-999,-999,-999,-999,<5,<5,-999,<5,-999,-999,<5,-999,-999,<5,-999,6,6,144.18,6,6,144.18,7,7,168.21,7,7,168.21,7,7,168.21,8,8,192.25,8,8,192.25,8,8,192.25,10,10,10,10,11,11,11,12,12
TOLLAND,0,0,0,0,0,0,-999,<5,-999,-999,<5,-999,-999,<5,-999,-999,<5,-999,-999,<5,-999,-999,<5,-999,-999,<5,-999,-999,<5,-999,-999,<5,-999,-999,<5,-999,-999,<5,-999,-999,<5,-999,<5,-999,<5,<5,<5,<5
TOPSFIELD,16,273.79,76,1300.49,16,76,87,87,1488.72,100,100,1711.18,106,106,1813.85,106,106,1813.85,109,109,1865.18,110,110,1882.29,111,111,1899.4,112,112,1916.52,114,114,1950.74,116,116,1984.96,116,116,1984.96,116,116,116,116,116,116,120,121,122
TOWNSEND,11,120.23,17,185.81,11,17,21,21,229.54,24,24,262.33,26,26,284.19,29,29,316.98,30,30,327.91,30,30,327.91,31,31,338.84,32,32,349.77,35,35,382.56,35,35,382.56,35,35,382.56,35,35,35,35,35,35,36,38,38
TRURO,8,405.1,9,455.74,8,9,9,9,455.74,10,10,506.37,9,9,455.74,9,9,455.74,9,9,455.74,9,9,455.74,9,9,455.74,10,10,506.37,10,10,506.37,10,10,506.37,10,10,506.37,10,10,10,10,10,10,11,11,11
TYNGSBOROUGH,40,333.59,63,525.4,40,63,72,72,600.46,79,79,658.84,81,81,675.52,81,81,675.52,83,83,692.19,86,86,717.21,89,89,742.23,90,90,750.57,92,92,767.25,93,93,775.59,93,93,775.59,95,95,98,98,98,98,103,105,105
TYRINGHAM,-999,-999,-999,-999,<5,<5,-999,<5,-999,-999,<5,-999,-999,<5,-999,-999,<5,-999,-999,<5,-999,-999,<5,-999,-999,<5,-999,-999,<5,-999,-999,<5,-999,-999,<5,-999,-999,<5,-999,-999,<5,-999,<5,-999,<5,<5,<5,<5
UPTON,11,121.67,13,143.79,11,13,13,13,143.79,15,15,165.91,17,17,188.03,22,22,243.34,24,24,265.46,24,24,265.46,24,24,265.46,24,24,265.46,24,24,265.46,24,24,265.46,24,24,265.46,25,25,25,25,25,25,26,28,28
UXBRIDGE,20,129.76,29,188.15,20,29,51,51,330.88,55,55,356.83,58,58,376.3,64,64,415.23,65,65,421.71,67,67,434.69,73,73,473.62,74,74,480.11,77,77,499.57,77,77,499.57,78,78,506.06,78,78,78,78,80,80,81,84,84
WAKEFIELD,119,440.66,181,670.25,119,181,210,210,777.64,244,244,903.54,257,257,951.68,286,286,1059.07,293,293,1084.99,299,299,1107.21,307,307,1136.83,309,309,1144.24,313,313,1159.05,314,314,1162.76,316,316,1170.16,321,321,326,326,326,326,336,338,340
WALES,-999,-999,-999,-999,<5,<5,-999,<5,-999,-999,<5,-999,-999,<5,-999,-999,<5,-999,-999,<5,-999,-999,<5,-999,-999,<5,-999,-999,<5,-999,-999,<5,-999,-999,<5,-999,-999,<5,-999,-999,<5,-999,<5,5,5,5,5,5
WALPOLE,92,355.2,145,559.83,92,145,178,178,687.24,178,178,687.24,199,199,768.32,217,217,837.82,224,224,864.84,227,227,876.42,229,229,884.15,231,231,891.87,232,232,895.73,230,230,888.01,236,236,911.17,238,238,241,241,243,243,246,250,257
WALTHAM,298,447.05,542,813.09,298,542,748,748,1122.12,872,872,1308.14,994,994,1491.16,1071,1071,1606.67,1123,1123,1684.68,1170,1170,1755.19,1190,1190,1785.19,1218,1218,1827.2,1227,1227,1840.7,1240,1240,1860.2,1243,1243,1864.7,1252,1252,1253,1253,1258,1258,1265,1272,1286
WARE,10,98.63,10,98.63,10,10,15,15,147.95,17,17,167.67,21,21,207.13,25,25,246.58,26,26,256.44,28,28,276.17,30,30,295.89,31,31,305.76,31,31,305.76,31,31,305.76,33,33,325.48,33,33,36,36,36,36,37,37,39
WAREHAM,34,141.96,78,325.67,34,78,115,115,480.15,162,162,676.39,171,171,713.96,191,191,797.47,200,200,835.05,208,208,868.45,210,210,876.8,210,210,876.8,211,211,880.97,211,211,880.97,213,213,889.32,216,216,219,219,221,221,224,225,225
WARREN,-999,-999,-999,-999,<5,<5,6,6,110.66,12,12,221.32,13,13,239.77,16,16,295.1,18,18,331.98,19,19,350.43,21,21,387.31,22,22,405.76,22,22,405.76,22,22,405.76,23,23,424.2,24,24,25,25,26,26,26,26,26
WARWICK,0,0,0,0,0,0,0,0,0,0,0,0,0,0,0,0,0,0,0,0,0,0,0,0,0,0,0,0,0,0,0,0,0,0,0,0,0,0,0,0,0,0,0,0,0,0,0,0
WASHINGTON,-999,-999,-999,-999,<5,<5,-999,<5,-999,-999,<5,-999,-999,<5,-999,-999,<5,-999,-999,<5,-999,-999,<5,-999,-999,<5,-999,-999,<5,-999,-999,<5,-999,-999,<5,-999,-999,<5,-999,-999,<5,-999,<5,-999,<5,<5,<5,<5
WATERTOWN,110,331.6,163,491.37,110,163,273,273,822.97,305,305,919.43,326,326,982.74,347,347,1046.04,358,358,1079.2,367,367,1106.33,368,368,1109.35,384,384,1157.58,388,388,1169.64,391,391,1178.68,394,394,1187.72,396,396,396,396,398,398,400,406,412
WAYLAND,26,195.75,50,376.45,26,50,59,59,444.21,83,83,624.91,92,92,692.67,97,97,730.31,103,103,775.49,107,107,805.6,106,106,798.07,106,106,798.07,106,106,798.07,107,107,805.6,108,108,813.13,109,109,113,113,114,114,113,113,115
WEBSTER,35,203.59,48,279.22,35,48,75,75,436.27,100,100,581.7,123,123,715.49,148,148,860.92,163,163,948.17,189,189,1099.41,204,204,1186.67,216,216,1256.47,248,248,1442.61,253,253,1471.7,257,257,1494.97,263,263,268,268,270,270,272,278,281
WELLESLEY,75,252.23,164,551.54,75,164,187,187,628.9,200,200,672.62,207,207,696.16,215,215,723.06,218,218,733.15,223,223,749.97,228,228,766.78,231,231,776.87,232,232,780.23,234,234,786.96,238,238,800.41,239,239,245,245,252,252,256,259,262
WELLFLEET,-999,-999,-999,-999,<5,<5,-999,<5,-999,-999,<5,-999,-999,<5,-999,5,5,181.25,5,5,181.25,-999,<5,-999,-999,<5,-999,-999,<5,-999,-999,<5,-999,-999,<5,-999,5,5,181.25,5,5,5,5,5,5,5,6,6
WENDELL,0,0,0,0,0,0,0,0,0,0,0,0,0,0,0,0,0,0,0,0,0,0,0,0,0,0,0,0,0,0,0,0,0,0,0,0,0,0,0,0,0,0,0,0,0,0,0,0
WENHAM,7,134.46,8,153.67,7,8,12,12,230.5,12,12,230.5,15,15,288.12,17,17,326.54,19,19,364.96,19,19,364.96,19,19,364.96,19,19,364.96,19,19,364.96,19,19,364.96,19,19,364.96,20,20,20,20,20,20,22,21,21
WEST BOYLSTON,17,216.56,21,267.51,17,21,26,26,331.2,29,29,369.42,33,33,420.37,37,37,471.33,41,41,522.28,41,41,522.28,43,43,547.76,43,43,547.76,43,43,547.76,43,43,547.76,43,43,547.76,48,48,54,54,58,58,60,61,65
WEST BRIDGEWATER,26,358.74,32,441.53,26,32,65,65,896.86,76,76,1048.63,98,98,1352.19,120,120,1655.74,140,140,1931.7,143,143,1973.09,145,145,2000.68,142,142,1959.29,142,142,1959.29,140,140,1931.7,140,140,1931.7,141,141,142,142,145,145,145,146,145
WEST BROOKFIELD,5,134.79,6,161.74,5,6,10,10,269.57,10,10,269.57,13,13,350.44,16,16,431.32,16,16,431.32,17,17,458.27,17,17,458.27,18,18,485.23,19,19,512.19,19,19,512.19,19,19,512.19,22,22,24,24,24,24,24,25,26
WEST NEWBURY,-999,-999,-999,-999,<5,<5,5,5,122.5,5,5,122.5,6,6,147,6,6,147,8,8,196.01,8,8,196.01,8,8,196.01,10,10,245.01,10,10,245.01,10,10,245.01,10,10,245.01,10,10,10,10,14,14,14,14,14
WEST SPRINGFIELD,110,373.42,171,580.5,110,171,217,217,736.66,256,256,869.06,271,271,919.98,303,303,1028.61,334,334,1133.85,352,352,1194.96,356,356,1208.53,360,360,1222.11,362,362,1228.9,370,370,1256.06,377,377,1279.82,391,391,396,396,404,404,411,416,419
WEST STOCKBRIDGE,-999,-999,-999,-999,<5,<5,-999,<5,-999,-999,<5,-999,-999,<5,-999,-999,<5,-999,-999,<5,-999,5,5,418.16,5,5,418.16,5,5,418.16,5,5,418.16,5,5,418.16,5,5,418.16,5,5,5,5,5,5,5,5,6
WEST TISBURY,5,173.43,7,242.81,5,7,7,7,242.81,7,7,242.81,7,7,242.81,7,7,242.81,7,7,242.81,7,7,242.81,7,7,242.81,7,7,242.81,7,7,242.81,8,8,277.49,10,10,346.86,11,11,11,11,11,11,11,12,13
WESTBOROUGH,72,382.12,133,705.86,72,133,209,209,1109.21,251,251,1332.12,273,273,1448.88,319,319,1693.01,323,323,1714.24,333,333,1767.31,335,335,1777.93,336,336,1783.23,336,336,1783.23,335,335,1777.93,335,335,1777.93,336,336,344,344,345,345,350,357,360
WESTFIELD,202,485.83,270,649.38,202,270,344,344,827.35,384,384,923.56,397,397,954.82,416,416,1000.52,427,427,1026.97,428,428,1029.38,430,430,1034.19,433,433,1041.41,439,439,1055.84,451,451,1084.7,461,461,1108.75,466,466,471,471,483,483,493,499,502
WESTFORD,50,216.08,93,401.91,50,93,115,115,496.99,120,120,518.6,126,126,544.53,130,130,561.81,132,132,570.46,134,134,579.1,136,136,587.74,138,138,596.39,139,139,600.71,141,141,609.35,144,144,622.32,145,145,145,145,150,150,157,162,163
WESTHAMPTON,-999,-999,-999,-999,<5,<5,-999,<5,-999,-999,<5,-999,-999,<5,-999,-999,<5,-999,5,5,293.92,5,5,293.92,5,5,293.92,5,5,293.92,6,6,352.71,5,5,293.92,5,5,293.92,5,5,5,5,5,5,5,5,6
WESTMINSTER,10,136.39,13,177.3,10,13,14,14,190.94,17,17,231.86,19,19,259.13,25,25,340.96,29,29,395.52,32,32,436.43,32,32,436.43,32,32,436.43,32,32,436.43,32,32,436.43,32,32,436.43,33,33,33,33,33,33,33,34,34
WESTON,56,504.79,66,594.93,56,66,80,80,721.13,89,89,802.25,125,125,1126.76,103,103,928.45,106,106,955.49,106,106,955.49,108,108,973.52,108,108,973.52,108,108,973.52,108,108,973.52,111,111,1000.56,112,112,115,115,115,115,118,120,121
WESTPORT,13,78.11,16,96.13,13,16,43,43,258.35,54,54,324.44,61,61,366.5,68,68,408.56,75,75,450.62,87,87,522.71,95,95,570.78,96,96,576.79,97,97,582.8,98,98,588.81,100,100,600.82,100,100,100,100,103,103,106,107,109
WESTWOOD,48,325.66,67,454.56,48,67,82,82,556.33,93,93,630.96,99,99,671.67,112,112,759.87,120,120,814.15,122,122,827.72,122,122,827.72,121,121,820.93,126,126,854.85,127,127,861.64,129,129,875.21,132,132,137,137,136,136,141,141,145
WEYMOUTH,267,476.25,360,642.13,267,360,504,504,898.98,560,560,998.87,607,607,1082.7,647,647,1154.05,672,672,1198.64,682,682,1216.48,690,690,1230.75,698,698,1245.02,715,715,1275.34,720,720,1284.26,726,726,1294.96,735,735,740,740,751,751,768,773,783
WHATELY,-999,-999,-999,-999,<5,<5,-999,<5,-999,-999,<5,-999,-999,<5,-999,-999,<5,-999,-999,<5,-999,-999,<5,-999,5,5,340.12,5,5,340.12,5,5,340.12,5,5,340.12,5,5,340.12,5,5,5,5,7,7,7,7,8
WHITMAN,52,337.23,87,564.21,52,87,124,124,804.16,147,147,953.32,164,164,1063.57,174,174,1128.42,178,178,1154.36,185,185,1199.76,182,182,1180.3,186,186,1206.24,187,187,1212.73,188,188,1219.21,189,189,1225.7,190,190,194,194,196,196,198,200,204
WILBRAHAM,42,288.81,91,625.75,42,91,115,115,790.79,152,152,1045.22,178,178,1224,195,195,1340.9,210,210,1444.05,216,216,1485.31,219,219,1505.94,221,221,1519.69,223,223,1533.44,225,225,1547.2,225,225,1547.2,226,226,227,227,230,230,234,238,239
WILLIAMSBURG,5,202.69,5,202.69,5,5,8,8,324.3,9,9,364.84,8,8,324.3,10,10,405.37,10,10,405.37,10,10,405.37,10,10,405.37,10,10,405.37,10,10,405.37,10,10,405.37,10,10,405.37,11,11,11,11,12,12,13,14,14
WILLIAMSTOWN,74,1004.24,81,1099.24,74,81,79,79,1072.1,80,80,1085.67,81,81,1099.24,81,81,1099.24,83,83,1126.38,83,83,1126.38,83,83,1126.38,82,82,1112.81,82,82,1112.81,82,82,1112.81,82,82,1112.81,83,83,83,83,83,83,83,83,84
WILMINGTON,140,574.4,184,754.93,140,184,241,241,988.79,288,288,1181.63,298,298,1222.65,310,310,1271.89,314,314,1288.3,323,323,1325.23,325,325,1333.43,326,326,1337.54,327,327,1341.64,328,328,1345.74,333,333,1366.26,337,337,336,336,341,341,343,347,350
WINCHENDON,32,297.77,41,381.51,32,41,51,51,474.57,58,58,539.7,73,73,679.28,74,74,688.59,81,81,753.72,87,87,809.56,87,87,809.56,88,88,818.86,88,88,818.86,88,88,818.86,89,89,828.17,89,89,89,89,89,89,91,91,91
WINCHESTER,37,165.74,60,268.77,37,60,76,76,340.44,79,79,353.88,97,97,434.52,102,102,456.91,106,106,474.83,113,113,506.19,112,112,501.71,115,115,515.15,118,118,528.59,117,117,524.11,119,119,533.06,119,119,121,121,122,122,122,124,127
WINDSOR,0,0,0,0,0,0,0,0,0,0,0,0,0,0,0,0,0,0,0,0,0,0,0,0,0,0,0,0,0,0,0,0,0,0,0,0,0,0,0,0,0,0,0,0,0,0,0,0
WINTHROP,81,429.77,110,12877.64,81,110,167,167,886.07,196,196,1039.94,221,221,1172.59,229,229,1215.03,240,240,1273.4,245,245,1299.93,249,249,1321.15,251,251,1331.76,253,253,1342.37,256,256,1358.29,263,263,1395.43,297,297,301,301,310,310,320,335,347
WOBURN,117,281.99,220,530.24,117,220,344,344,829.1,424,424,1021.91,499,499,1202.67,531,531,1279.8,557,557,1342.46,586,586,1412.36,597,597,1438.87,613,613,1477.43,621,621,1496.71,632,632,1523.22,646,646,1556.97,650,650,655,655,662,662,676,682,686
WORCESTER,886,461.77,1457,759.37,886,1457,2284,2284,1190.4,2989,2989,1557.84,3549,3549,1849.7,4299,4299,2240.6,4681,4681,2439.69,4910,4910,2559.04,5028,5028,2620.54,5112,5112,2664.32,5165,5165,2691.95,5227,5227,2724.25,5301,5301,2762.83,5352,5352,5398,5398,5483,5483,5579,5623,5701
WORTHINGTON,0,0,0,0,0,0,0,0,0,0,0,0,0,0,0,0,0,0,0,0,0,0,0,0,0,0,0,0,0,0,0,0,0,0,0,0,0,0,0,0,0,0,0,0,0,0,0,0
WRENTHAM,29,257.22,46,408,29,46,120,120,1064.35,145,145,1286.09,172,172,1525.57,182,182,1614.27,186,186,1649.74,189,189,1676.35,189,189,1676.35,191,191,1694.09,191,191,1694.09,192,192,1702.96,192,192,1702.96,193,193,201,201,211,211,220,219,220
YARMOUTH,42,174.83,52,216.46,42,52,65,65,270.57,80,80,333.01,96,96,399.61,101,101,420.43,107,107,445.4,108,108,449.56,110,110,457.89,111,111,462.05,113,113,470.38,114,114,474.54,115,115,478.7,115,115,118,118,122,122,123,124,125